fips_code,name,grid,capacity_mw,fuel_type,year
0200065,Adak,Adak Grid,,,
0200650,Akhiok,Akhiok Grid,0.3,Distillate Fuel Oil,2021
0200760,Akiachak,Akiachak Grid,1.5,Distillate Fuel Oil,2021
0200870,Akiak,Akiak Grid,0.9,Distillate Fuel Oil,2021
0201090,Akutan,Akutan Grid,0.1,Water at Hydroelectric Turbine,2021
0201090,Akutan,Akutan Grid,0.4,Distillate Fuel Oil,2021
0201200,Alakanuk,Emmonak Grid,0.4,Wind,2021
0201200,Alakanuk,Emmonak Grid,3.2,Distillate Fuel Oil,2021
0201305,Alatna,Allakaket Grid,,,
0201390,Alcan Border,,,,
0201420,Aleknagik,Dillingham Grid,11.0,Distillate Fuel Oil,2021
0201560,Aleneva,,,,
0201860,Allakaket,Allakaket Grid,,,
0201970,Ambler,Ambler Grid,1.1,Distillate Fuel Oil,2021
0202080,Anaktuvuk Pass,Anaktuvuk Pass Grid,2.7,Distillate Fuel Oil,2021
0203110,Anchor Point,Railbelt Grid,60.0,Waste Oil,2021
0203110,Anchor Point,Railbelt Grid,44.5,Wind,2021
0203110,Anchor Point,Railbelt Grid,191.6,Water at Hydroelectric Turbine,2021
0203110,Anchor Point,Railbelt Grid,1.9,Solar,2021
0203110,Anchor Point,Railbelt Grid,104.8,Subbituminous Coal,2021
0203110,Anchor Point,Railbelt Grid,1403.7,Natural Gas,2021
0203110,Anchor Point,Railbelt Grid,89.5,Electricity used for Energy Storage,2021
0203110,Anchor Point,Railbelt Grid,90.0,Lignite Coal,2021
0203110,Anchor Point,Railbelt Grid,11.5,Landfill Gas,2021
0203110,Anchor Point,Railbelt Grid,231.9,Distillate Fuel Oil,2021
0203000,Anchorage,Railbelt Grid,60.0,Waste Oil,2021
0203000,Anchorage,Railbelt Grid,44.5,Wind,2021
0203000,Anchorage,Railbelt Grid,191.6,Water at Hydroelectric Turbine,2021
0203000,Anchorage,Railbelt Grid,1.9,Solar,2021
0203000,Anchorage,Railbelt Grid,104.8,Subbituminous Coal,2021
0203000,Anchorage,Railbelt Grid,1403.7,Natural Gas,2021
0203000,Anchorage,Railbelt Grid,89.5,Electricity used for Energy Storage,2021
0203000,Anchorage,Railbelt Grid,90.0,Lignite Coal,2021
0203000,Anchorage,Railbelt Grid,11.5,Landfill Gas,2021
0203000,Anchorage,Railbelt Grid,231.9,Distillate Fuel Oil,2021
0203220,Anderson,Railbelt Grid,60.0,Waste Oil,2021
0203220,Anderson,Railbelt Grid,44.5,Wind,2021
0203220,Anderson,Railbelt Grid,191.6,Water at Hydroelectric Turbine,2021
0203220,Anderson,Railbelt Grid,1.9,Solar,2021
0203220,Anderson,Railbelt Grid,104.8,Subbituminous Coal,2021
0203220,Anderson,Railbelt Grid,1403.7,Natural Gas,2021
0203220,Anderson,Railbelt Grid,89.5,Electricity used for Energy Storage,2021
0203220,Anderson,Railbelt Grid,90.0,Lignite Coal,2021
0203220,Anderson,Railbelt Grid,11.5,Landfill Gas,2021
0203220,Anderson,Railbelt Grid,231.9,Distillate Fuel Oil,2021
0203440,Angoon,Angoon Grid,1.5,Distillate Fuel Oil,2021
0203550,Aniak,Aniak Grid,2.2,Distillate Fuel Oil,2021
0203880,Anvik,Anvik Grid,0.4,Distillate Fuel Oil,2021
0203990,Arctic Village,Arctic Village Grid,0.4,Distillate Fuel Oil,2021
0204210,Atka,Atka Grid,0.3,Water at Hydroelectric Turbine,2021
0204210,Atka,Atka Grid,0.3,Distillate Fuel Oil,2021
0204430,Atmautluak,Atmautluak Grid,1.1,Distillate Fuel Oil,2021
0204500,Atqasuk,Atqasuk Grid,3.2,Distillate Fuel Oil,2021
0204670,Attu Station,,,,
0205000,Badger,Railbelt Grid,60.0,Waste Oil,2021
0205000,Badger,Railbelt Grid,44.5,Wind,2021
0205000,Badger,Railbelt Grid,191.6,Water at Hydroelectric Turbine,2021
0205000,Badger,Railbelt Grid,1.9,Solar,2021
0205000,Badger,Railbelt Grid,104.8,Subbituminous Coal,2021
0205000,Badger,Railbelt Grid,1403.7,Natural Gas,2021
0205000,Badger,Railbelt Grid,89.5,Electricity used for Energy Storage,2021
0205000,Badger,Railbelt Grid,90.0,Lignite Coal,2021
0205000,Badger,Railbelt Grid,11.5,Landfill Gas,2021
0205000,Badger,Railbelt Grid,231.9,Distillate Fuel Oil,2021
0205585,Bear Creek,Railbelt Grid,60.0,Waste Oil,2021
0205585,Bear Creek,Railbelt Grid,44.5,Wind,2021
0205585,Bear Creek,Railbelt Grid,191.6,Water at Hydroelectric Turbine,2021
0205585,Bear Creek,Railbelt Grid,1.9,Solar,2021
0205585,Bear Creek,Railbelt Grid,104.8,Subbituminous Coal,2021
0205585,Bear Creek,Railbelt Grid,1403.7,Natural Gas,2021
0205585,Bear Creek,Railbelt Grid,89.5,Electricity used for Energy Storage,2021
0205585,Bear Creek,Railbelt Grid,90.0,Lignite Coal,2021
0205585,Bear Creek,Railbelt Grid,11.5,Landfill Gas,2021
0205585,Bear Creek,Railbelt Grid,231.9,Distillate Fuel Oil,2021
0205750,Beaver,Beaver Grid,0.3,Distillate Fuel Oil,2021
0206245,Beluga,Railbelt Grid,60.0,Waste Oil,2021
0206245,Beluga,Railbelt Grid,44.5,Wind,2021
0206245,Beluga,Railbelt Grid,191.6,Water at Hydroelectric Turbine,2021
0206245,Beluga,Railbelt Grid,1.9,Solar,2021
0206245,Beluga,Railbelt Grid,104.8,Subbituminous Coal,2021
0206245,Beluga,Railbelt Grid,1403.7,Natural Gas,2021
0206245,Beluga,Railbelt Grid,89.5,Electricity used for Energy Storage,2021
0206245,Beluga,Railbelt Grid,90.0,Lignite Coal,2021
0206245,Beluga,Railbelt Grid,11.5,Landfill Gas,2021
0206245,Beluga,Railbelt Grid,231.9,Distillate Fuel Oil,2021
0206520,Bethel,Bethel Grid,0.9,Wind,2021
0206520,Bethel,Bethel Grid,12.9,Distillate Fuel Oil,2021
0206630,Bettles,Bettles Grid,0.6,Distillate Fuel Oil,2021
0206850,Big Delta,Railbelt Grid,60.0,Waste Oil,2021
0206850,Big Delta,Railbelt Grid,44.5,Wind,2021
0206850,Big Delta,Railbelt Grid,191.6,Water at Hydroelectric Turbine,2021
0206850,Big Delta,Railbelt Grid,1.9,Solar,2021
0206850,Big Delta,Railbelt Grid,104.8,Subbituminous Coal,2021
0206850,Big Delta,Railbelt Grid,1403.7,Natural Gas,2021
0206850,Big Delta,Railbelt Grid,89.5,Electricity used for Energy Storage,2021
0206850,Big Delta,Railbelt Grid,90.0,Lignite Coal,2021
0206850,Big Delta,Railbelt Grid,11.5,Landfill Gas,2021
0206850,Big Delta,Railbelt Grid,231.9,Distillate Fuel Oil,2021
0207070,Big Lake,Railbelt Grid,60.0,Waste Oil,2021
0207070,Big Lake,Railbelt Grid,44.5,Wind,2021
0207070,Big Lake,Railbelt Grid,191.6,Water at Hydroelectric Turbine,2021
0207070,Big Lake,Railbelt Grid,1.9,Solar,2021
0207070,Big Lake,Railbelt Grid,104.8,Subbituminous Coal,2021
0207070,Big Lake,Railbelt Grid,1403.7,Natural Gas,2021
0207070,Big Lake,Railbelt Grid,89.5,Electricity used for Energy Storage,2021
0207070,Big Lake,Railbelt Grid,90.0,Lignite Coal,2021
0207070,Big Lake,Railbelt Grid,11.5,Landfill Gas,2021
0207070,Big Lake,Railbelt Grid,231.9,Distillate Fuel Oil,2021
0207620,Birch Creek,Birch Creek Grid,,,
0208740,Brevig Mission,Brevig Mission Grid,1.0,Distillate Fuel Oil,2021
0209600,Buckland,Buckland Grid,0.2,Wind,2021
0209600,Buckland,Buckland Grid,0.0,Solar,2021
0209600,Buckland,Buckland Grid,0.3,Electricity used for Energy Storage,2021
0209600,Buckland,Buckland Grid,1.2,Distillate Fuel Oil,2021
0209657,Buffalo Soapstone,Railbelt Grid,60.0,Waste Oil,2021
0209657,Buffalo Soapstone,Railbelt Grid,44.5,Wind,2021
0209657,Buffalo Soapstone,Railbelt Grid,191.6,Water at Hydroelectric Turbine,2021
0209657,Buffalo Soapstone,Railbelt Grid,1.9,Solar,2021
0209657,Buffalo Soapstone,Railbelt Grid,104.8,Subbituminous Coal,2021
0209657,Buffalo Soapstone,Railbelt Grid,1403.7,Natural Gas,2021
0209657,Buffalo Soapstone,Railbelt Grid,89.5,Electricity used for Energy Storage,2021
0209657,Buffalo Soapstone,Railbelt Grid,90.0,Lignite Coal,2021
0209657,Buffalo Soapstone,Railbelt Grid,11.5,Landfill Gas,2021
0209657,Buffalo Soapstone,Railbelt Grid,231.9,Distillate Fuel Oil,2021
0209710,Butte,Railbelt Grid,60.0,Waste Oil,2021
0209710,Butte,Railbelt Grid,44.5,Wind,2021
0209710,Butte,Railbelt Grid,191.6,Water at Hydroelectric Turbine,2021
0209710,Butte,Railbelt Grid,1.9,Solar,2021
0209710,Butte,Railbelt Grid,104.8,Subbituminous Coal,2021
0209710,Butte,Railbelt Grid,1403.7,Natural Gas,2021
0209710,Butte,Railbelt Grid,89.5,Electricity used for Energy Storage,2021
0209710,Butte,Railbelt Grid,90.0,Lignite Coal,2021
0209710,Butte,Railbelt Grid,11.5,Landfill Gas,2021
0209710,Butte,Railbelt Grid,231.9,Distillate Fuel Oil,2021
0210150,Cantwell,Railbelt Grid,60.0,Waste Oil,2021
0210150,Cantwell,Railbelt Grid,44.5,Wind,2021
0210150,Cantwell,Railbelt Grid,191.6,Water at Hydroelectric Turbine,2021
0210150,Cantwell,Railbelt Grid,1.9,Solar,2021
0210150,Cantwell,Railbelt Grid,104.8,Subbituminous Coal,2021
0210150,Cantwell,Railbelt Grid,1403.7,Natural Gas,2021
0210150,Cantwell,Railbelt Grid,89.5,Electricity used for Energy Storage,2021
0210150,Cantwell,Railbelt Grid,90.0,Lignite Coal,2021
0210150,Cantwell,Railbelt Grid,11.5,Landfill Gas,2021
0210150,Cantwell,Railbelt Grid,231.9,Distillate Fuel Oil,2021
0211690,Central,Central Grid,0.3,Distillate Fuel Oil,2021
0211800,Chalkyitsik,Chalkyitsik Grid,0.3,Distillate Fuel Oil,2021
0212350,Chase,Railbelt Grid,60.0,Waste Oil,2021
0212350,Chase,Railbelt Grid,44.5,Wind,2021
0212350,Chase,Railbelt Grid,191.6,Water at Hydroelectric Turbine,2021
0212350,Chase,Railbelt Grid,1.9,Solar,2021
0212350,Chase,Railbelt Grid,104.8,Subbituminous Coal,2021
0212350,Chase,Railbelt Grid,1403.7,Natural Gas,2021
0212350,Chase,Railbelt Grid,89.5,Electricity used for Energy Storage,2021
0212350,Chase,Railbelt Grid,90.0,Lignite Coal,2021
0212350,Chase,Railbelt Grid,11.5,Landfill Gas,2021
0212350,Chase,Railbelt Grid,231.9,Distillate Fuel Oil,2021
0212680,Chefornak,Chefornak Grid,0.3,Wind,2021
0212680,Chefornak,Chefornak Grid,0.9,Distillate Fuel Oil,2021
0212920,Chena Ridge,Railbelt Grid,60.0,Waste Oil,2021
0212920,Chena Ridge,Railbelt Grid,44.5,Wind,2021
0212920,Chena Ridge,Railbelt Grid,191.6,Water at Hydroelectric Turbine,2021
0212920,Chena Ridge,Railbelt Grid,1.9,Solar,2021
0212920,Chena Ridge,Railbelt Grid,104.8,Subbituminous Coal,2021
0212920,Chena Ridge,Railbelt Grid,1403.7,Natural Gas,2021
0212920,Chena Ridge,Railbelt Grid,89.5,Electricity used for Energy Storage,2021
0212920,Chena Ridge,Railbelt Grid,90.0,Lignite Coal,2021
0212920,Chena Ridge,Railbelt Grid,11.5,Landfill Gas,2021
0212920,Chena Ridge,Railbelt Grid,231.9,Distillate Fuel Oil,2021
0212970,Chenega,Chenega Grid,0.5,Distillate Fuel Oil,2021
0213230,Chevak,Chevak Grid,0.4,Wind,2021
0213230,Chevak,Chevak Grid,1.8,Distillate Fuel Oil,2021
0213340,Chickaloon,Railbelt Grid,60.0,Waste Oil,2021
0213340,Chickaloon,Railbelt Grid,44.5,Wind,2021
0213340,Chickaloon,Railbelt Grid,191.6,Water at Hydroelectric Turbine,2021
0213340,Chickaloon,Railbelt Grid,1.9,Solar,2021
0213340,Chickaloon,Railbelt Grid,104.8,Subbituminous Coal,2021
0213340,Chickaloon,Railbelt Grid,1403.7,Natural Gas,2021
0213340,Chickaloon,Railbelt Grid,89.5,Electricity used for Energy Storage,2021
0213340,Chickaloon,Railbelt Grid,90.0,Lignite Coal,2021
0213340,Chickaloon,Railbelt Grid,11.5,Landfill Gas,2021
0213340,Chickaloon,Railbelt Grid,231.9,Distillate Fuel Oil,2021
0213450,Chicken,,,,
0213550,Chignik,Chignik Grid,0.1,Water at Hydroelectric Turbine,2021
0213550,Chignik,Chignik Grid,0.6,Distillate Fuel Oil,2021
0213670,Chignik Lagoon,Chignik Lagoon Grid,0.2,Wind,2021
0213670,Chignik Lagoon,Chignik Lagoon Grid,0.5,Distillate Fuel Oil,2021
0213780,Chignik Lake,Chignik Lake Grid,0.4,Distillate Fuel Oil,2021
0213860,Chiniak,Kodiak Grid,9.0,Wind,2021
0213860,Chiniak,Kodiak Grid,33.6,Water at Hydroelectric Turbine,2021
0213860,Chiniak,Kodiak Grid,5.0,Electricity used for Energy Storage,2021
0213860,Chiniak,Kodiak Grid,37.2,Distillate Fuel Oil,2021
0213890,Chisana,,,,
0214000,Chistochina,Slana Grid,1.1,Distillate Fuel Oil,2021
0214110,Chitina,Chitina Grid,0.4,Distillate Fuel Oil,2021
0214330,Chuathbaluk,Chuathbaluk Grid,0.2,Distillate Fuel Oil,2021
0214880,Circle,Circle Grid,0.3,Distillate Fuel Oil,2021
0215320,Clam Gulch,Railbelt Grid,60.0,Waste Oil,2021
0215320,Clam Gulch,Railbelt Grid,44.5,Wind,2021
0215320,Clam Gulch,Railbelt Grid,191.6,Water at Hydroelectric Turbine,2021
0215320,Clam Gulch,Railbelt Grid,1.9,Solar,2021
0215320,Clam Gulch,Railbelt Grid,104.8,Subbituminous Coal,2021
0215320,Clam Gulch,Railbelt Grid,1403.7,Natural Gas,2021
0215320,Clam Gulch,Railbelt Grid,89.5,Electricity used for Energy Storage,2021
0215320,Clam Gulch,Railbelt Grid,90.0,Lignite Coal,2021
0215320,Clam Gulch,Railbelt Grid,11.5,Landfill Gas,2021
0215320,Clam Gulch,Railbelt Grid,231.9,Distillate Fuel Oil,2021
0215430,Clark's Point,Clarks Point Grid,0.3,Distillate Fuel Oil,2021
0216360,Coffman Cove,Prince of Wales Island Grid,11.5,Water at Hydroelectric Turbine,2021
0216360,Coffman Cove,Prince of Wales Island Grid,15.1,Distillate Fuel Oil,2021
0216420,Cohoe,Railbelt Grid,60.0,Waste Oil,2021
0216420,Cohoe,Railbelt Grid,44.5,Wind,2021
0216420,Cohoe,Railbelt Grid,191.6,Water at Hydroelectric Turbine,2021
0216420,Cohoe,Railbelt Grid,1.9,Solar,2021
0216420,Cohoe,Railbelt Grid,104.8,Subbituminous Coal,2021
0216420,Cohoe,Railbelt Grid,1403.7,Natural Gas,2021
0216420,Cohoe,Railbelt Grid,89.5,Electricity used for Energy Storage,2021
0216420,Cohoe,Railbelt Grid,90.0,Lignite Coal,2021
0216420,Cohoe,Railbelt Grid,11.5,Landfill Gas,2021
0216420,Cohoe,Railbelt Grid,231.9,Distillate Fuel Oil,2021
0216530,Cold Bay,Cold Bay Grid,,,
0216630,Coldfoot,,,,
0216750,College,Railbelt Grid,60.0,Waste Oil,2021
0216750,College,Railbelt Grid,44.5,Wind,2021
0216750,College,Railbelt Grid,191.6,Water at Hydroelectric Turbine,2021
0216750,College,Railbelt Grid,1.9,Solar,2021
0216750,College,Railbelt Grid,104.8,Subbituminous Coal,2021
0216750,College,Railbelt Grid,1403.7,Natural Gas,2021
0216750,College,Railbelt Grid,89.5,Electricity used for Energy Storage,2021
0216750,College,Railbelt Grid,90.0,Lignite Coal,2021
0216750,College,Railbelt Grid,11.5,Landfill Gas,2021
0216750,College,Railbelt Grid,231.9,Distillate Fuel Oil,2021
0217190,Cooper Landing,Railbelt Grid,60.0,Waste Oil,2021
0217190,Cooper Landing,Railbelt Grid,44.5,Wind,2021
0217190,Cooper Landing,Railbelt Grid,191.6,Water at Hydroelectric Turbine,2021
0217190,Cooper Landing,Railbelt Grid,1.9,Solar,2021
0217190,Cooper Landing,Railbelt Grid,104.8,Subbituminous Coal,2021
0217190,Cooper Landing,Railbelt Grid,1403.7,Natural Gas,2021
0217190,Cooper Landing,Railbelt Grid,89.5,Electricity used for Energy Storage,2021
0217190,Cooper Landing,Railbelt Grid,90.0,Lignite Coal,2021
0217190,Cooper Landing,Railbelt Grid,11.5,Landfill Gas,2021
0217190,Cooper Landing,Railbelt Grid,231.9,Distillate Fuel Oil,2021
0217300,Copper Center,Copper Valley Grid,5.3,Waste Oil,2021
0217300,Copper Center,Copper Valley Grid,18.5,Water at Hydroelectric Turbine,2021
0217300,Copper Center,Copper Valley Grid,17.8,Distillate Fuel Oil,2021
0217410,Cordova,Cordova Grid,7.2,Water at Hydroelectric Turbine,2021
0217410,Cordova,Cordova Grid,1.0,Electricity used for Energy Storage,2021
0217410,Cordova,Cordova Grid,10.7,Distillate Fuel Oil,2021
0217670,Covenant Life,Upper Lynn Canal Grid,9.8,Water at Hydroelectric Turbine,2021
0217670,Covenant Life,Upper Lynn Canal Grid,14.9,Distillate Fuel Oil,2021
0217740,Craig,Prince of Wales Island Grid,11.5,Water at Hydroelectric Turbine,2021
0217740,Craig,Prince of Wales Island Grid,15.1,Distillate Fuel Oil,2021
0217850,Crooked Creek,Crooked Creek Grid,0.3,Distillate Fuel Oil,2021
0217960,Crown Point,Railbelt Grid,60.0,Waste Oil,2021
0217960,Crown Point,Railbelt Grid,44.5,Wind,2021
0217960,Crown Point,Railbelt Grid,191.6,Water at Hydroelectric Turbine,2021
0217960,Crown Point,Railbelt Grid,1.9,Solar,2021
0217960,Crown Point,Railbelt Grid,104.8,Subbituminous Coal,2021
0217960,Crown Point,Railbelt Grid,1403.7,Natural Gas,2021
0217960,Crown Point,Railbelt Grid,89.5,Electricity used for Energy Storage,2021
0217960,Crown Point,Railbelt Grid,90.0,Lignite Coal,2021
0217960,Crown Point,Railbelt Grid,11.5,Landfill Gas,2021
0217960,Crown Point,Railbelt Grid,231.9,Distillate Fuel Oil,2021
0218510,Deering,Deering Grid,0.1,Wind,2021
0218510,Deering,Deering Grid,0.0,Solar,2021
0218510,Deering,Deering Grid,0.3,Electricity used for Energy Storage,2021
0218510,Deering,Deering Grid,0.4,Distillate Fuel Oil,2021
0218620,Delta Junction,Railbelt Grid,60.0,Waste Oil,2021
0218620,Delta Junction,Railbelt Grid,44.5,Wind,2021
0218620,Delta Junction,Railbelt Grid,191.6,Water at Hydroelectric Turbine,2021
0218620,Delta Junction,Railbelt Grid,1.9,Solar,2021
0218620,Delta Junction,Railbelt Grid,104.8,Subbituminous Coal,2021
0218620,Delta Junction,Railbelt Grid,1403.7,Natural Gas,2021
0218620,Delta Junction,Railbelt Grid,89.5,Electricity used for Energy Storage,2021
0218620,Delta Junction,Railbelt Grid,90.0,Lignite Coal,2021
0218620,Delta Junction,Railbelt Grid,11.5,Landfill Gas,2021
0218620,Delta Junction,Railbelt Grid,231.9,Distillate Fuel Oil,2021
0218675,Deltana,Railbelt Grid,60.0,Waste Oil,2021
0218675,Deltana,Railbelt Grid,44.5,Wind,2021
0218675,Deltana,Railbelt Grid,191.6,Water at Hydroelectric Turbine,2021
0218675,Deltana,Railbelt Grid,1.9,Solar,2021
0218675,Deltana,Railbelt Grid,104.8,Subbituminous Coal,2021
0218675,Deltana,Railbelt Grid,1403.7,Natural Gas,2021
0218675,Deltana,Railbelt Grid,89.5,Electricity used for Energy Storage,2021
0218675,Deltana,Railbelt Grid,90.0,Lignite Coal,2021
0218675,Deltana,Railbelt Grid,11.5,Landfill Gas,2021
0218675,Deltana,Railbelt Grid,231.9,Distillate Fuel Oil,2021
0218805,Denali Park,Railbelt Grid,60.0,Waste Oil,2021
0218805,Denali Park,Railbelt Grid,44.5,Wind,2021
0218805,Denali Park,Railbelt Grid,191.6,Water at Hydroelectric Turbine,2021
0218805,Denali Park,Railbelt Grid,1.9,Solar,2021
0218805,Denali Park,Railbelt Grid,104.8,Subbituminous Coal,2021
0218805,Denali Park,Railbelt Grid,1403.7,Natural Gas,2021
0218805,Denali Park,Railbelt Grid,89.5,Electricity used for Energy Storage,2021
0218805,Denali Park,Railbelt Grid,90.0,Lignite Coal,2021
0218805,Denali Park,Railbelt Grid,11.5,Landfill Gas,2021
0218805,Denali Park,Railbelt Grid,231.9,Distillate Fuel Oil,2021
0218925,Diamond Ridge,Railbelt Grid,60.0,Waste Oil,2021
0218925,Diamond Ridge,Railbelt Grid,44.5,Wind,2021
0218925,Diamond Ridge,Railbelt Grid,191.6,Water at Hydroelectric Turbine,2021
0218925,Diamond Ridge,Railbelt Grid,1.9,Solar,2021
0218925,Diamond Ridge,Railbelt Grid,104.8,Subbituminous Coal,2021
0218925,Diamond Ridge,Railbelt Grid,1403.7,Natural Gas,2021
0218925,Diamond Ridge,Railbelt Grid,89.5,Electricity used for Energy Storage,2021
0218925,Diamond Ridge,Railbelt Grid,90.0,Lignite Coal,2021
0218925,Diamond Ridge,Railbelt Grid,11.5,Landfill Gas,2021
0218925,Diamond Ridge,Railbelt Grid,231.9,Distillate Fuel Oil,2021
0218950,Dillingham,Dillingham Grid,11.0,Distillate Fuel Oil,2021
0219060,Diomede,Diomede Grid,0.5,Distillate Fuel Oil,2021
0219720,Dot Lake,Tok Grid,5.2,Distillate Fuel Oil,2021
0219750,Dot Lake Village,Tok Grid,5.2,Distillate Fuel Oil,2021
0220020,Dry Creek,,,,
0220380,Eagle,Eagle Grid,0.0,Solar,2021
0220380,Eagle,Eagle Grid,0.5,Distillate Fuel Oil,2021
0220600,Eagle Village,Eagle Grid,0.0,Solar,2021
0220600,Eagle Village,Eagle Grid,0.5,Distillate Fuel Oil,2021
0220716,Eareckson Station,,,,
0220970,Edna Bay,,,,
0221040,Eek,Eek Grid,1.1,Distillate Fuel Oil,2021
0221150,Egegik,Egegik Grid,1.0,Distillate Fuel Oil,2021
0221370,Eielson AFB,Railbelt Grid,60.0,Waste Oil,2021
0221370,Eielson AFB,Railbelt Grid,44.5,Wind,2021
0221370,Eielson AFB,Railbelt Grid,191.6,Water at Hydroelectric Turbine,2021
0221370,Eielson AFB,Railbelt Grid,1.9,Solar,2021
0221370,Eielson AFB,Railbelt Grid,104.8,Subbituminous Coal,2021
0221370,Eielson AFB,Railbelt Grid,1403.7,Natural Gas,2021
0221370,Eielson AFB,Railbelt Grid,89.5,Electricity used for Energy Storage,2021
0221370,Eielson AFB,Railbelt Grid,90.0,Lignite Coal,2021
0221370,Eielson AFB,Railbelt Grid,11.5,Landfill Gas,2021
0221370,Eielson AFB,Railbelt Grid,231.9,Distillate Fuel Oil,2021
0221810,Ekwok,New Stuyahok Grid,1.2,Distillate Fuel Oil,2021
0222140,Elfin Cove,Elfin Cove Grid,,,
0222250,Elim,Elim Grid,1.3,Distillate Fuel Oil,2021
0222910,Emmonak,Emmonak Grid,0.4,Wind,2021
0222910,Emmonak,Emmonak Grid,3.2,Distillate Fuel Oil,2021
0223460,Ester,Railbelt Grid,60.0,Waste Oil,2021
0223460,Ester,Railbelt Grid,44.5,Wind,2021
0223460,Ester,Railbelt Grid,191.6,Water at Hydroelectric Turbine,2021
0223460,Ester,Railbelt Grid,1.9,Solar,2021
0223460,Ester,Railbelt Grid,104.8,Subbituminous Coal,2021
0223460,Ester,Railbelt Grid,1403.7,Natural Gas,2021
0223460,Ester,Railbelt Grid,89.5,Electricity used for Energy Storage,2021
0223460,Ester,Railbelt Grid,90.0,Lignite Coal,2021
0223460,Ester,Railbelt Grid,11.5,Landfill Gas,2021
0223460,Ester,Railbelt Grid,231.9,Distillate Fuel Oil,2021
0223720,Eureka Roadhouse,,,,
0223790,Evansville,Bettles Grid,0.6,Distillate Fuel Oil,2021
0223900,Excursion Inlet,,,,
0224230,Fairbanks,Railbelt Grid,60.0,Waste Oil,2021
0224230,Fairbanks,Railbelt Grid,44.5,Wind,2021
0224230,Fairbanks,Railbelt Grid,191.6,Water at Hydroelectric Turbine,2021
0224230,Fairbanks,Railbelt Grid,1.9,Solar,2021
0224230,Fairbanks,Railbelt Grid,104.8,Subbituminous Coal,2021
0224230,Fairbanks,Railbelt Grid,1403.7,Natural Gas,2021
0224230,Fairbanks,Railbelt Grid,89.5,Electricity used for Energy Storage,2021
0224230,Fairbanks,Railbelt Grid,90.0,Lignite Coal,2021
0224230,Fairbanks,Railbelt Grid,11.5,Landfill Gas,2021
0224230,Fairbanks,Railbelt Grid,231.9,Distillate Fuel Oil,2021
0224660,False Pass,False Pass Grid,,,
0225000,Farm Loop,Railbelt Grid,60.0,Waste Oil,2021
0225000,Farm Loop,Railbelt Grid,44.5,Wind,2021
0225000,Farm Loop,Railbelt Grid,191.6,Water at Hydroelectric Turbine,2021
0225000,Farm Loop,Railbelt Grid,1.9,Solar,2021
0225000,Farm Loop,Railbelt Grid,104.8,Subbituminous Coal,2021
0225000,Farm Loop,Railbelt Grid,1403.7,Natural Gas,2021
0225000,Farm Loop,Railbelt Grid,89.5,Electricity used for Energy Storage,2021
0225000,Farm Loop,Railbelt Grid,90.0,Lignite Coal,2021
0225000,Farm Loop,Railbelt Grid,11.5,Landfill Gas,2021
0225000,Farm Loop,Railbelt Grid,231.9,Distillate Fuel Oil,2021
0224980,Farmers Loop,Railbelt Grid,60.0,Waste Oil,2021
0224980,Farmers Loop,Railbelt Grid,44.5,Wind,2021
0224980,Farmers Loop,Railbelt Grid,191.6,Water at Hydroelectric Turbine,2021
0224980,Farmers Loop,Railbelt Grid,1.9,Solar,2021
0224980,Farmers Loop,Railbelt Grid,104.8,Subbituminous Coal,2021
0224980,Farmers Loop,Railbelt Grid,1403.7,Natural Gas,2021
0224980,Farmers Loop,Railbelt Grid,89.5,Electricity used for Energy Storage,2021
0224980,Farmers Loop,Railbelt Grid,90.0,Lignite Coal,2021
0224980,Farmers Loop,Railbelt Grid,11.5,Landfill Gas,2021
0224980,Farmers Loop,Railbelt Grid,231.9,Distillate Fuel Oil,2021
0225220,Ferry,Railbelt Grid,60.0,Waste Oil,2021
0225220,Ferry,Railbelt Grid,44.5,Wind,2021
0225220,Ferry,Railbelt Grid,191.6,Water at Hydroelectric Turbine,2021
0225220,Ferry,Railbelt Grid,1.9,Solar,2021
0225220,Ferry,Railbelt Grid,104.8,Subbituminous Coal,2021
0225220,Ferry,Railbelt Grid,1403.7,Natural Gas,2021
0225220,Ferry,Railbelt Grid,89.5,Electricity used for Energy Storage,2021
0225220,Ferry,Railbelt Grid,90.0,Lignite Coal,2021
0225220,Ferry,Railbelt Grid,11.5,Landfill Gas,2021
0225220,Ferry,Railbelt Grid,231.9,Distillate Fuel Oil,2021
0225550,Fishhook,Railbelt Grid,60.0,Waste Oil,2021
0225550,Fishhook,Railbelt Grid,44.5,Wind,2021
0225550,Fishhook,Railbelt Grid,191.6,Water at Hydroelectric Turbine,2021
0225550,Fishhook,Railbelt Grid,1.9,Solar,2021
0225550,Fishhook,Railbelt Grid,104.8,Subbituminous Coal,2021
0225550,Fishhook,Railbelt Grid,1403.7,Natural Gas,2021
0225550,Fishhook,Railbelt Grid,89.5,Electricity used for Energy Storage,2021
0225550,Fishhook,Railbelt Grid,90.0,Lignite Coal,2021
0225550,Fishhook,Railbelt Grid,11.5,Landfill Gas,2021
0225550,Fishhook,Railbelt Grid,231.9,Distillate Fuel Oil,2021
0225880,Flat,,,,
0226100,Fort Greely,Railbelt Grid,60.0,Waste Oil,2021
0226100,Fort Greely,Railbelt Grid,44.5,Wind,2021
0226100,Fort Greely,Railbelt Grid,191.6,Water at Hydroelectric Turbine,2021
0226100,Fort Greely,Railbelt Grid,1.9,Solar,2021
0226100,Fort Greely,Railbelt Grid,104.8,Subbituminous Coal,2021
0226100,Fort Greely,Railbelt Grid,1403.7,Natural Gas,2021
0226100,Fort Greely,Railbelt Grid,89.5,Electricity used for Energy Storage,2021
0226100,Fort Greely,Railbelt Grid,90.0,Lignite Coal,2021
0226100,Fort Greely,Railbelt Grid,11.5,Landfill Gas,2021
0226100,Fort Greely,Railbelt Grid,231.9,Distillate Fuel Oil,2021
0226760,Fort Yukon,Fort Yukon Grid,2.8,Distillate Fuel Oil,2021
0226835,Four Mile Road,Railbelt Grid,60.0,Waste Oil,2021
0226835,Four Mile Road,Railbelt Grid,44.5,Wind,2021
0226835,Four Mile Road,Railbelt Grid,191.6,Water at Hydroelectric Turbine,2021
0226835,Four Mile Road,Railbelt Grid,1.9,Solar,2021
0226835,Four Mile Road,Railbelt Grid,104.8,Subbituminous Coal,2021
0226835,Four Mile Road,Railbelt Grid,1403.7,Natural Gas,2021
0226835,Four Mile Road,Railbelt Grid,89.5,Electricity used for Energy Storage,2021
0226835,Four Mile Road,Railbelt Grid,90.0,Lignite Coal,2021
0226835,Four Mile Road,Railbelt Grid,11.5,Landfill Gas,2021
0226835,Four Mile Road,Railbelt Grid,231.9,Distillate Fuel Oil,2021
0226870,Fox,Railbelt Grid,60.0,Waste Oil,2021
0226870,Fox,Railbelt Grid,44.5,Wind,2021
0226870,Fox,Railbelt Grid,191.6,Water at Hydroelectric Turbine,2021
0226870,Fox,Railbelt Grid,1.9,Solar,2021
0226870,Fox,Railbelt Grid,104.8,Subbituminous Coal,2021
0226870,Fox,Railbelt Grid,1403.7,Natural Gas,2021
0226870,Fox,Railbelt Grid,89.5,Electricity used for Energy Storage,2021
0226870,Fox,Railbelt Grid,90.0,Lignite Coal,2021
0226870,Fox,Railbelt Grid,11.5,Landfill Gas,2021
0226870,Fox,Railbelt Grid,231.9,Distillate Fuel Oil,2021
0226910,Fox River,Railbelt Grid,60.0,Waste Oil,2021
0226910,Fox River,Railbelt Grid,44.5,Wind,2021
0226910,Fox River,Railbelt Grid,191.6,Water at Hydroelectric Turbine,2021
0226910,Fox River,Railbelt Grid,1.9,Solar,2021
0226910,Fox River,Railbelt Grid,104.8,Subbituminous Coal,2021
0226910,Fox River,Railbelt Grid,1403.7,Natural Gas,2021
0226910,Fox River,Railbelt Grid,89.5,Electricity used for Energy Storage,2021
0226910,Fox River,Railbelt Grid,90.0,Lignite Coal,2021
0226910,Fox River,Railbelt Grid,11.5,Landfill Gas,2021
0226910,Fox River,Railbelt Grid,231.9,Distillate Fuel Oil,2021
0227090,Fritz Creek,Railbelt Grid,60.0,Waste Oil,2021
0227090,Fritz Creek,Railbelt Grid,44.5,Wind,2021
0227090,Fritz Creek,Railbelt Grid,191.6,Water at Hydroelectric Turbine,2021
0227090,Fritz Creek,Railbelt Grid,1.9,Solar,2021
0227090,Fritz Creek,Railbelt Grid,104.8,Subbituminous Coal,2021
0227090,Fritz Creek,Railbelt Grid,1403.7,Natural Gas,2021
0227090,Fritz Creek,Railbelt Grid,89.5,Electricity used for Energy Storage,2021
0227090,Fritz Creek,Railbelt Grid,90.0,Lignite Coal,2021
0227090,Fritz Creek,Railbelt Grid,11.5,Landfill Gas,2021
0227090,Fritz Creek,Railbelt Grid,231.9,Distillate Fuel Oil,2021
0227145,Funny River,Railbelt Grid,60.0,Waste Oil,2021
0227145,Funny River,Railbelt Grid,44.5,Wind,2021
0227145,Funny River,Railbelt Grid,191.6,Water at Hydroelectric Turbine,2021
0227145,Funny River,Railbelt Grid,1.9,Solar,2021
0227145,Funny River,Railbelt Grid,104.8,Subbituminous Coal,2021
0227145,Funny River,Railbelt Grid,1403.7,Natural Gas,2021
0227145,Funny River,Railbelt Grid,89.5,Electricity used for Energy Storage,2021
0227145,Funny River,Railbelt Grid,90.0,Lignite Coal,2021
0227145,Funny River,Railbelt Grid,11.5,Landfill Gas,2021
0227145,Funny River,Railbelt Grid,231.9,Distillate Fuel Oil,2021
0227420,Gakona,,,,
0227530,Galena,Galena Grid,3.9,Distillate Fuel Oil,2021
0227640,Gambell,Gambell Grid,0.3,Wind,2021
0227640,Gambell,Gambell Grid,2.0,Distillate Fuel Oil,2021
0227700,Game Creek,,,,
0228200,Gateway,Railbelt Grid,60.0,Waste Oil,2021
0228200,Gateway,Railbelt Grid,44.5,Wind,2021
0228200,Gateway,Railbelt Grid,191.6,Water at Hydroelectric Turbine,2021
0228200,Gateway,Railbelt Grid,1.9,Solar,2021
0228200,Gateway,Railbelt Grid,104.8,Subbituminous Coal,2021
0228200,Gateway,Railbelt Grid,1403.7,Natural Gas,2021
0228200,Gateway,Railbelt Grid,89.5,Electricity used for Energy Storage,2021
0228200,Gateway,Railbelt Grid,90.0,Lignite Coal,2021
0228200,Gateway,Railbelt Grid,11.5,Landfill Gas,2021
0228200,Gateway,Railbelt Grid,231.9,Distillate Fuel Oil,2021
0228590,Glacier View,Copper Valley Grid,5.3,Waste Oil,2021
0228590,Glacier View,Copper Valley Grid,18.5,Water at Hydroelectric Turbine,2021
0228590,Glacier View,Copper Valley Grid,17.8,Distillate Fuel Oil,2021
0228740,Glennallen,Copper Valley Grid,5.3,Waste Oil,2021
0228740,Glennallen,Copper Valley Grid,18.5,Water at Hydroelectric Turbine,2021
0228740,Glennallen,Copper Valley Grid,17.8,Distillate Fuel Oil,2021
0229130,Goldstream,Railbelt Grid,60.0,Waste Oil,2021
0229130,Goldstream,Railbelt Grid,44.5,Wind,2021
0229130,Goldstream,Railbelt Grid,191.6,Water at Hydroelectric Turbine,2021
0229130,Goldstream,Railbelt Grid,1.9,Solar,2021
0229130,Goldstream,Railbelt Grid,104.8,Subbituminous Coal,2021
0229130,Goldstream,Railbelt Grid,1403.7,Natural Gas,2021
0229130,Goldstream,Railbelt Grid,89.5,Electricity used for Energy Storage,2021
0229130,Goldstream,Railbelt Grid,90.0,Lignite Coal,2021
0229130,Goldstream,Railbelt Grid,11.5,Landfill Gas,2021
0229130,Goldstream,Railbelt Grid,231.9,Distillate Fuel Oil,2021
0229180,Golovin,Golovin Grid,0.7,Distillate Fuel Oil,2021
0229290,Goodnews Bay,Goodnews Bay Grid,0.6,Distillate Fuel Oil,2021
0230060,Grayling,Grayling Grid,0.4,Distillate Fuel Oil,2021
0230500,Gulkana,Copper Valley Grid,5.3,Waste Oil,2021
0230500,Gulkana,Copper Valley Grid,18.5,Water at Hydroelectric Turbine,2021
0230500,Gulkana,Copper Valley Grid,17.8,Distillate Fuel Oil,2021
0230940,Gustavus,Gustavus Grid,0.8,Water at Hydroelectric Turbine,2021
0230940,Gustavus,Gustavus Grid,1.4,Distillate Fuel Oil,2021
0231050,Haines,Upper Lynn Canal Grid,9.8,Water at Hydroelectric Turbine,2021
0231050,Haines,Upper Lynn Canal Grid,14.9,Distillate Fuel Oil,2021
0231270,Halibut Cove,Railbelt Grid,60.0,Waste Oil,2021
0231270,Halibut Cove,Railbelt Grid,44.5,Wind,2021
0231270,Halibut Cove,Railbelt Grid,191.6,Water at Hydroelectric Turbine,2021
0231270,Halibut Cove,Railbelt Grid,1.9,Solar,2021
0231270,Halibut Cove,Railbelt Grid,104.8,Subbituminous Coal,2021
0231270,Halibut Cove,Railbelt Grid,1403.7,Natural Gas,2021
0231270,Halibut Cove,Railbelt Grid,89.5,Electricity used for Energy Storage,2021
0231270,Halibut Cove,Railbelt Grid,90.0,Lignite Coal,2021
0231270,Halibut Cove,Railbelt Grid,11.5,Landfill Gas,2021
0231270,Halibut Cove,Railbelt Grid,231.9,Distillate Fuel Oil,2021
0231710,Happy Valley,Railbelt Grid,60.0,Waste Oil,2021
0231710,Happy Valley,Railbelt Grid,44.5,Wind,2021
0231710,Happy Valley,Railbelt Grid,191.6,Water at Hydroelectric Turbine,2021
0231710,Happy Valley,Railbelt Grid,1.9,Solar,2021
0231710,Happy Valley,Railbelt Grid,104.8,Subbituminous Coal,2021
0231710,Happy Valley,Railbelt Grid,1403.7,Natural Gas,2021
0231710,Happy Valley,Railbelt Grid,89.5,Electricity used for Energy Storage,2021
0231710,Happy Valley,Railbelt Grid,90.0,Lignite Coal,2021
0231710,Happy Valley,Railbelt Grid,11.5,Landfill Gas,2021
0231710,Happy Valley,Railbelt Grid,231.9,Distillate Fuel Oil,2021
0231765,Harding-Birch Lakes,Railbelt Grid,60.0,Waste Oil,2021
0231765,Harding-Birch Lakes,Railbelt Grid,44.5,Wind,2021
0231765,Harding-Birch Lakes,Railbelt Grid,191.6,Water at Hydroelectric Turbine,2021
0231765,Harding-Birch Lakes,Railbelt Grid,1.9,Solar,2021
0231765,Harding-Birch Lakes,Railbelt Grid,104.8,Subbituminous Coal,2021
0231765,Harding-Birch Lakes,Railbelt Grid,1403.7,Natural Gas,2021
0231765,Harding-Birch Lakes,Railbelt Grid,89.5,Electricity used for Energy Storage,2021
0231765,Harding-Birch Lakes,Railbelt Grid,90.0,Lignite Coal,2021
0231765,Harding-Birch Lakes,Railbelt Grid,11.5,Landfill Gas,2021
0231765,Harding-Birch Lakes,Railbelt Grid,231.9,Distillate Fuel Oil,2021
0232150,Healy,Railbelt Grid,60.0,Waste Oil,2021
0232150,Healy,Railbelt Grid,44.5,Wind,2021
0232150,Healy,Railbelt Grid,191.6,Water at Hydroelectric Turbine,2021
0232150,Healy,Railbelt Grid,1.9,Solar,2021
0232150,Healy,Railbelt Grid,104.8,Subbituminous Coal,2021
0232150,Healy,Railbelt Grid,1403.7,Natural Gas,2021
0232150,Healy,Railbelt Grid,89.5,Electricity used for Energy Storage,2021
0232150,Healy,Railbelt Grid,90.0,Lignite Coal,2021
0232150,Healy,Railbelt Grid,11.5,Landfill Gas,2021
0232150,Healy,Railbelt Grid,231.9,Distillate Fuel Oil,2021
0232310,Healy Lake,Healy Lake Grid,0.1,Distillate Fuel Oil,2021
0232550,Hobart Bay,,,,
0232810,Hollis,Prince of Wales Island Grid,11.5,Water at Hydroelectric Turbine,2021
0232810,Hollis,Prince of Wales Island Grid,15.1,Distillate Fuel Oil,2021
0233030,Holy Cross,Holy Cross Grid,0.6,Distillate Fuel Oil,2021
0233140,Homer,Railbelt Grid,60.0,Waste Oil,2021
0233140,Homer,Railbelt Grid,44.5,Wind,2021
0233140,Homer,Railbelt Grid,191.6,Water at Hydroelectric Turbine,2021
0233140,Homer,Railbelt Grid,1.9,Solar,2021
0233140,Homer,Railbelt Grid,104.8,Subbituminous Coal,2021
0233140,Homer,Railbelt Grid,1403.7,Natural Gas,2021
0233140,Homer,Railbelt Grid,89.5,Electricity used for Energy Storage,2021
0233140,Homer,Railbelt Grid,90.0,Lignite Coal,2021
0233140,Homer,Railbelt Grid,11.5,Landfill Gas,2021
0233140,Homer,Railbelt Grid,231.9,Distillate Fuel Oil,2021
0233360,Hoonah,Hoonah Grid,0.5,Water at Hydroelectric Turbine,2021
0233360,Hoonah,Hoonah Grid,2.0,Distillate Fuel Oil,2021
0233470,Hooper Bay,Hooper Bay Grid,0.3,Wind,2021
0233470,Hooper Bay,Hooper Bay Grid,2.2,Distillate Fuel Oil,2021
0233580,Hope,Railbelt Grid,60.0,Waste Oil,2021
0233580,Hope,Railbelt Grid,44.5,Wind,2021
0233580,Hope,Railbelt Grid,191.6,Water at Hydroelectric Turbine,2021
0233580,Hope,Railbelt Grid,1.9,Solar,2021
0233580,Hope,Railbelt Grid,104.8,Subbituminous Coal,2021
0233580,Hope,Railbelt Grid,1403.7,Natural Gas,2021
0233580,Hope,Railbelt Grid,89.5,Electricity used for Energy Storage,2021
0233580,Hope,Railbelt Grid,90.0,Lignite Coal,2021
0233580,Hope,Railbelt Grid,11.5,Landfill Gas,2021
0233580,Hope,Railbelt Grid,231.9,Distillate Fuel Oil,2021
0233800,Houston,Railbelt Grid,60.0,Waste Oil,2021
0233800,Houston,Railbelt Grid,44.5,Wind,2021
0233800,Houston,Railbelt Grid,191.6,Water at Hydroelectric Turbine,2021
0233800,Houston,Railbelt Grid,1.9,Solar,2021
0233800,Houston,Railbelt Grid,104.8,Subbituminous Coal,2021
0233800,Houston,Railbelt Grid,1403.7,Natural Gas,2021
0233800,Houston,Railbelt Grid,89.5,Electricity used for Energy Storage,2021
0233800,Houston,Railbelt Grid,90.0,Lignite Coal,2021
0233800,Houston,Railbelt Grid,11.5,Landfill Gas,2021
0233800,Houston,Railbelt Grid,231.9,Distillate Fuel Oil,2021
0233910,Hughes,Hughes Grid,0.1,Solar,2021
0233910,Hughes,Hughes Grid,0.3,Electricity used for Energy Storage,2021
0233910,Hughes,Hughes Grid,0.4,Distillate Fuel Oil,2021
0234350,Huslia,Huslia Grid,0.8,Distillate Fuel Oil,2021
0234460,Hydaburg,Prince of Wales Island Grid,11.5,Water at Hydroelectric Turbine,2021
0234460,Hydaburg,Prince of Wales Island Grid,15.1,Distillate Fuel Oil,2021
0234570,Hyder,,,,
0234790,Igiugig,Igiugig Grid,0.0,Water at Hydroelectric Turbine,2021
0234790,Igiugig,Igiugig Grid,0.1,Electricity used for Energy Storage,2021
0234790,Igiugig,Igiugig Grid,0.2,Distillate Fuel Oil,2021
0235120,Iliamna,Newhalen Grid,0.8,Water at Hydroelectric Turbine,2021
0235120,Iliamna,Newhalen Grid,0.9,Distillate Fuel Oil,2021
0235890,Ivanof Bay,,,,
0236400,Juneau,Juneau Grid,106.6,Water at Hydroelectric Turbine,2021
0236400,Juneau,Juneau Grid,147.7,Distillate Fuel Oil,2021
0236540,Kachemak,Railbelt Grid,60.0,Waste Oil,2021
0236540,Kachemak,Railbelt Grid,44.5,Wind,2021
0236540,Kachemak,Railbelt Grid,191.6,Water at Hydroelectric Turbine,2021
0236540,Kachemak,Railbelt Grid,1.9,Solar,2021
0236540,Kachemak,Railbelt Grid,104.8,Subbituminous Coal,2021
0236540,Kachemak,Railbelt Grid,1403.7,Natural Gas,2021
0236540,Kachemak,Railbelt Grid,89.5,Electricity used for Energy Storage,2021
0236540,Kachemak,Railbelt Grid,90.0,Lignite Coal,2021
0236540,Kachemak,Railbelt Grid,11.5,Landfill Gas,2021
0236540,Kachemak,Railbelt Grid,231.9,Distillate Fuel Oil,2021
0236770,Kake,Kake Grid,0.5,Water at Hydroelectric Turbine,2021
0236770,Kake,Kake Grid,3.1,Distillate Fuel Oil,2021
0236990,Kaktovik,Kaktovik Grid,2.6,Distillate Fuel Oil,2021
0237250,Kalifornsky,Railbelt Grid,60.0,Waste Oil,2021
0237250,Kalifornsky,Railbelt Grid,44.5,Wind,2021
0237250,Kalifornsky,Railbelt Grid,191.6,Water at Hydroelectric Turbine,2021
0237250,Kalifornsky,Railbelt Grid,1.9,Solar,2021
0237250,Kalifornsky,Railbelt Grid,104.8,Subbituminous Coal,2021
0237250,Kalifornsky,Railbelt Grid,1403.7,Natural Gas,2021
0237250,Kalifornsky,Railbelt Grid,89.5,Electricity used for Energy Storage,2021
0237250,Kalifornsky,Railbelt Grid,90.0,Lignite Coal,2021
0237250,Kalifornsky,Railbelt Grid,11.5,Landfill Gas,2021
0237250,Kalifornsky,Railbelt Grid,231.9,Distillate Fuel Oil,2021
0237430,Kaltag,Kaltag Grid,0.0,Solar,2021
0237430,Kaltag,Kaltag Grid,0.8,Distillate Fuel Oil,2021
0237540,Karluk,Karluk Grid,0.2,Distillate Fuel Oil,2021
0237650,Kasaan,Prince of Wales Island Grid,11.5,Water at Hydroelectric Turbine,2021
0237650,Kasaan,Prince of Wales Island Grid,15.1,Distillate Fuel Oil,2021
0237975,Kasigluk,Kasigluk Grid,0.3,Wind,2021
0237975,Kasigluk,Kasigluk Grid,3.0,Distillate Fuel Oil,2021
0238090,Kasilof,Railbelt Grid,60.0,Waste Oil,2021
0238090,Kasilof,Railbelt Grid,44.5,Wind,2021
0238090,Kasilof,Railbelt Grid,191.6,Water at Hydroelectric Turbine,2021
0238090,Kasilof,Railbelt Grid,1.9,Solar,2021
0238090,Kasilof,Railbelt Grid,104.8,Subbituminous Coal,2021
0238090,Kasilof,Railbelt Grid,1403.7,Natural Gas,2021
0238090,Kasilof,Railbelt Grid,89.5,Electricity used for Energy Storage,2021
0238090,Kasilof,Railbelt Grid,90.0,Lignite Coal,2021
0238090,Kasilof,Railbelt Grid,11.5,Landfill Gas,2021
0238090,Kasilof,Railbelt Grid,231.9,Distillate Fuel Oil,2021
0238420,Kenai,Railbelt Grid,60.0,Waste Oil,2021
0238420,Kenai,Railbelt Grid,44.5,Wind,2021
0238420,Kenai,Railbelt Grid,191.6,Water at Hydroelectric Turbine,2021
0238420,Kenai,Railbelt Grid,1.9,Solar,2021
0238420,Kenai,Railbelt Grid,104.8,Subbituminous Coal,2021
0238420,Kenai,Railbelt Grid,1403.7,Natural Gas,2021
0238420,Kenai,Railbelt Grid,89.5,Electricity used for Energy Storage,2021
0238420,Kenai,Railbelt Grid,90.0,Lignite Coal,2021
0238420,Kenai,Railbelt Grid,11.5,Landfill Gas,2021
0238420,Kenai,Railbelt Grid,231.9,Distillate Fuel Oil,2021
0238910,Kenny Lake,Copper Valley Grid,5.3,Waste Oil,2021
0238910,Kenny Lake,Copper Valley Grid,18.5,Water at Hydroelectric Turbine,2021
0238910,Kenny Lake,Copper Valley Grid,17.8,Distillate Fuel Oil,2021
0238970,Ketchikan,SEAPA Grid,63.3,Water at Hydroelectric Turbine,2021
0238970,Ketchikan,SEAPA Grid,47.3,Distillate Fuel Oil,2021
0239300,Kiana,Kiana Grid,1.2,Distillate Fuel Oil,2021
0239410,King Cove,King Cove Grid,1.2,Water at Hydroelectric Turbine,2021
0239410,King Cove,King Cove Grid,1.8,Distillate Fuel Oil,2021
0239630,King Salmon,Naknek Grid,16.5,Distillate Fuel Oil,2021
0239740,Kipnuk,Kipnuk Grid,0.6,Wind,2021
0239740,Kipnuk,Kipnuk Grid,1.4,Distillate Fuel Oil,2021
0239960,Kivalina,Kivalina Grid,1.1,Distillate Fuel Oil,2021
0240400,Klawock,Prince of Wales Island Grid,11.5,Water at Hydroelectric Turbine,2021
0240400,Klawock,Prince of Wales Island Grid,15.1,Distillate Fuel Oil,2021
0240510,Klukwan,Upper Lynn Canal Grid,9.8,Water at Hydroelectric Turbine,2021
0240510,Klukwan,Upper Lynn Canal Grid,14.9,Distillate Fuel Oil,2021
0240670,Knik River,Railbelt Grid,60.0,Waste Oil,2021
0240670,Knik River,Railbelt Grid,44.5,Wind,2021
0240670,Knik River,Railbelt Grid,191.6,Water at Hydroelectric Turbine,2021
0240670,Knik River,Railbelt Grid,1.9,Solar,2021
0240670,Knik River,Railbelt Grid,104.8,Subbituminous Coal,2021
0240670,Knik River,Railbelt Grid,1403.7,Natural Gas,2021
0240670,Knik River,Railbelt Grid,89.5,Electricity used for Energy Storage,2021
0240670,Knik River,Railbelt Grid,90.0,Lignite Coal,2021
0240670,Knik River,Railbelt Grid,11.5,Landfill Gas,2021
0240670,Knik River,Railbelt Grid,231.9,Distillate Fuel Oil,2021
0240645,Knik-Fairview,Railbelt Grid,60.0,Waste Oil,2021
0240645,Knik-Fairview,Railbelt Grid,44.5,Wind,2021
0240645,Knik-Fairview,Railbelt Grid,191.6,Water at Hydroelectric Turbine,2021
0240645,Knik-Fairview,Railbelt Grid,1.9,Solar,2021
0240645,Knik-Fairview,Railbelt Grid,104.8,Subbituminous Coal,2021
0240645,Knik-Fairview,Railbelt Grid,1403.7,Natural Gas,2021
0240645,Knik-Fairview,Railbelt Grid,89.5,Electricity used for Energy Storage,2021
0240645,Knik-Fairview,Railbelt Grid,90.0,Lignite Coal,2021
0240645,Knik-Fairview,Railbelt Grid,11.5,Landfill Gas,2021
0240645,Knik-Fairview,Railbelt Grid,231.9,Distillate Fuel Oil,2021
0240840,Kobuk,Shungnak Grid,0.2,Solar,2021
0240840,Kobuk,Shungnak Grid,0.2,Electricity used for Energy Storage,2021
0240840,Kobuk,Shungnak Grid,1.7,Distillate Fuel Oil,2021
0240950,Kodiak,Kodiak Grid,9.0,Wind,2021
0240950,Kodiak,Kodiak Grid,33.6,Water at Hydroelectric Turbine,2021
0240950,Kodiak,Kodiak Grid,5.0,Electricity used for Energy Storage,2021
0240950,Kodiak,Kodiak Grid,37.2,Distillate Fuel Oil,2021
0241210,Kodiak Station,Kodiak Grid,9.0,Wind,2021
0241210,Kodiak Station,Kodiak Grid,33.6,Water at Hydroelectric Turbine,2021
0241210,Kodiak Station,Kodiak Grid,5.0,Electricity used for Energy Storage,2021
0241210,Kodiak Station,Kodiak Grid,37.2,Distillate Fuel Oil,2021
0241280,Kokhanok,Kokhanok Grid,0.2,Wind,2021
0241280,Kokhanok,Kokhanok Grid,0.6,Distillate Fuel Oil,2021
0241500,Koliganek,Koliganek Grid,0.7,Distillate Fuel Oil,2021
0241610,Kongiganak,Kongiganak Grid,0.5,Wind,2021
0241610,Kongiganak,Kongiganak Grid,0.3,Electricity used for Energy Storage,2021
0241610,Kongiganak,Kongiganak Grid,1.9,Distillate Fuel Oil,2021
0241720,Kotlik,Kotlik Grid,1.4,Distillate Fuel Oil,2021
0241830,Kotzebue,Kotzebue Grid,3.3,Wind,2021
0241830,Kotzebue,Kotzebue Grid,0.8,Solar,2021
0241830,Kotzebue,Kotzebue Grid,1.2,Electricity used for Energy Storage,2021
0241830,Kotzebue,Kotzebue Grid,11.8,Distillate Fuel Oil,2021
0241940,Koyuk,Koyuk Grid,1.0,Distillate Fuel Oil,2021
0242050,Koyukuk,Koyukuk Grid,0.1,Distillate Fuel Oil,2021
0242160,Kupreanof,SEAPA Grid,63.3,Water at Hydroelectric Turbine,2021
0242160,Kupreanof,SEAPA Grid,47.3,Distillate Fuel Oil,2021
0242380,Kwethluk,Kwethluk Grid,1.1,Distillate Fuel Oil,2021
0242490,Kwigillingok,Kwigillingok Grid,0.5,Wind,2021
0242490,Kwigillingok,Kwigillingok Grid,0.3,Electricity used for Energy Storage,2021
0242490,Kwigillingok,Kwigillingok Grid,1.0,Distillate Fuel Oil,2021
0242805,Lake Louise,,,,
0242820,Lake Minchumina,,,,
0243040,Larsen Bay,Larsen Bay Grid,0.5,Water at Hydroelectric Turbine,2021
0243260,Lazy Mountain,Railbelt Grid,60.0,Waste Oil,2021
0243260,Lazy Mountain,Railbelt Grid,44.5,Wind,2021
0243260,Lazy Mountain,Railbelt Grid,191.6,Water at Hydroelectric Turbine,2021
0243260,Lazy Mountain,Railbelt Grid,1.9,Solar,2021
0243260,Lazy Mountain,Railbelt Grid,104.8,Subbituminous Coal,2021
0243260,Lazy Mountain,Railbelt Grid,1403.7,Natural Gas,2021
0243260,Lazy Mountain,Railbelt Grid,89.5,Electricity used for Energy Storage,2021
0243260,Lazy Mountain,Railbelt Grid,90.0,Lignite Coal,2021
0243260,Lazy Mountain,Railbelt Grid,11.5,Landfill Gas,2021
0243260,Lazy Mountain,Railbelt Grid,231.9,Distillate Fuel Oil,2021
0243810,Levelock,Levelock Grid,0.2,Distillate Fuel Oil,2021
0244030,Lime Village,Lime Village Grid,0.0,Solar,2021
0244580,Livengood,,,,
0245020,Loring,,,,
0245295,Lowell Point,Railbelt Grid,60.0,Waste Oil,2021
0245295,Lowell Point,Railbelt Grid,44.5,Wind,2021
0245295,Lowell Point,Railbelt Grid,191.6,Water at Hydroelectric Turbine,2021
0245295,Lowell Point,Railbelt Grid,1.9,Solar,2021
0245295,Lowell Point,Railbelt Grid,104.8,Subbituminous Coal,2021
0245295,Lowell Point,Railbelt Grid,1403.7,Natural Gas,2021
0245295,Lowell Point,Railbelt Grid,89.5,Electricity used for Energy Storage,2021
0245295,Lowell Point,Railbelt Grid,90.0,Lignite Coal,2021
0245295,Lowell Point,Railbelt Grid,11.5,Landfill Gas,2021
0245295,Lowell Point,Railbelt Grid,231.9,Distillate Fuel Oil,2021
0245460,Lower Kalskag,Upper Kalskag Grid,1.1,Distillate Fuel Oil,2021
0245700,Lutak,Upper Lynn Canal Grid,9.8,Water at Hydroelectric Turbine,2021
0245700,Lutak,Upper Lynn Canal Grid,14.9,Distillate Fuel Oil,2021
0246780,Manley Hot Springs,Manley Hot Springs Grid,0.2,Distillate Fuel Oil,2021
0246890,Manokotak,Manokotak Grid,0.6,Distillate Fuel Oil,2021
0247000,Marshall,Marshall Grid,1.2,Distillate Fuel Oil,2021
0245790,McCarthy,,,,
0246010,McGrath,McGrath Grid,1.6,Distillate Fuel Oil,2021
0247735,Meadow Lakes,Railbelt Grid,60.0,Waste Oil,2021
0247735,Meadow Lakes,Railbelt Grid,44.5,Wind,2021
0247735,Meadow Lakes,Railbelt Grid,191.6,Water at Hydroelectric Turbine,2021
0247735,Meadow Lakes,Railbelt Grid,1.9,Solar,2021
0247735,Meadow Lakes,Railbelt Grid,104.8,Subbituminous Coal,2021
0247735,Meadow Lakes,Railbelt Grid,1403.7,Natural Gas,2021
0247735,Meadow Lakes,Railbelt Grid,89.5,Electricity used for Energy Storage,2021
0247735,Meadow Lakes,Railbelt Grid,90.0,Lignite Coal,2021
0247735,Meadow Lakes,Railbelt Grid,11.5,Landfill Gas,2021
0247735,Meadow Lakes,Railbelt Grid,231.9,Distillate Fuel Oil,2021
0247990,Mekoryuk,Mekoryuk Grid,0.2,Wind,2021
0247990,Mekoryuk,Mekoryuk Grid,0.7,Distillate Fuel Oil,2021
0248200,Mendeltna,Copper Valley Grid,5.3,Waste Oil,2021
0248200,Mendeltna,Copper Valley Grid,18.5,Water at Hydroelectric Turbine,2021
0248200,Mendeltna,Copper Valley Grid,17.8,Distillate Fuel Oil,2021
0248540,Mentasta Lake,Slana Grid,1.1,Distillate Fuel Oil,2021
0248590,Mertarvik,Newtok Grid,0.4,Distillate Fuel Oil,2021
0248870,Metlakatla,Metlakatla Grid,5.2,Water at Hydroelectric Turbine,2021
0248870,Metlakatla,Metlakatla Grid,1.0,Electricity used for Energy Storage,2021
0248870,Metlakatla,Metlakatla Grid,3.3,Distillate Fuel Oil,2021
0249200,Mill Bay,Kodiak Grid,9.0,Wind,2021
0249200,Mill Bay,Kodiak Grid,33.6,Water at Hydroelectric Turbine,2021
0249200,Mill Bay,Kodiak Grid,5.0,Electricity used for Energy Storage,2021
0249200,Mill Bay,Kodiak Grid,37.2,Distillate Fuel Oil,2021
0249530,Minto,Minto Grid,0.7,Distillate Fuel Oil,2021
0250080,Moose Creek,Railbelt Grid,60.0,Waste Oil,2021
0250080,Moose Creek,Railbelt Grid,44.5,Wind,2021
0250080,Moose Creek,Railbelt Grid,191.6,Water at Hydroelectric Turbine,2021
0250080,Moose Creek,Railbelt Grid,1.9,Solar,2021
0250080,Moose Creek,Railbelt Grid,104.8,Subbituminous Coal,2021
0250080,Moose Creek,Railbelt Grid,1403.7,Natural Gas,2021
0250080,Moose Creek,Railbelt Grid,89.5,Electricity used for Energy Storage,2021
0250080,Moose Creek,Railbelt Grid,90.0,Lignite Coal,2021
0250080,Moose Creek,Railbelt Grid,11.5,Landfill Gas,2021
0250080,Moose Creek,Railbelt Grid,231.9,Distillate Fuel Oil,2021
0250190,Moose Pass,Railbelt Grid,60.0,Waste Oil,2021
0250190,Moose Pass,Railbelt Grid,44.5,Wind,2021
0250190,Moose Pass,Railbelt Grid,191.6,Water at Hydroelectric Turbine,2021
0250190,Moose Pass,Railbelt Grid,1.9,Solar,2021
0250190,Moose Pass,Railbelt Grid,104.8,Subbituminous Coal,2021
0250190,Moose Pass,Railbelt Grid,1403.7,Natural Gas,2021
0250190,Moose Pass,Railbelt Grid,89.5,Electricity used for Energy Storage,2021
0250190,Moose Pass,Railbelt Grid,90.0,Lignite Coal,2021
0250190,Moose Pass,Railbelt Grid,11.5,Landfill Gas,2021
0250190,Moose Pass,Railbelt Grid,231.9,Distillate Fuel Oil,2021
0250800,Mosquito Lake,Upper Lynn Canal Grid,9.8,Water at Hydroelectric Turbine,2021
0250800,Mosquito Lake,Upper Lynn Canal Grid,14.9,Distillate Fuel Oil,2021
0251180,Mountain Village,Saint Marys Grid,0.9,Wind,2021
0251180,Mountain Village,Saint Marys Grid,4.6,Distillate Fuel Oil,2021
0251455,Mud Bay,Upper Lynn Canal Grid,9.8,Water at Hydroelectric Turbine,2021
0251455,Mud Bay,Upper Lynn Canal Grid,14.9,Distillate Fuel Oil,2021
0251960,Nabesna,,,,
0252060,Naknek,Naknek Grid,16.5,Distillate Fuel Oil,2021
0252210,Nanwalek,,,,
0252390,Napakiak,Bethel Grid,0.9,Wind,2021
0252390,Napakiak,Bethel Grid,12.9,Distillate Fuel Oil,2021
0252720,Napaskiak,Napaskiak Grid,0.6,Distillate Fuel Oil,2021
0252845,Naukati Bay,Prince of Wales Island Grid,11.5,Water at Hydroelectric Turbine,2021
0252845,Naukati Bay,Prince of Wales Island Grid,15.1,Distillate Fuel Oil,2021
0252915,Nelchina,Copper Valley Grid,5.3,Waste Oil,2021
0252915,Nelchina,Copper Valley Grid,18.5,Water at Hydroelectric Turbine,2021
0252915,Nelchina,Copper Valley Grid,17.8,Distillate Fuel Oil,2021
0252940,Nelson Lagoon,Nelson Lagoon Grid,0.2,Distillate Fuel Oil,2021
0253050,Nenana,Railbelt Grid,60.0,Waste Oil,2021
0253050,Nenana,Railbelt Grid,44.5,Wind,2021
0253050,Nenana,Railbelt Grid,191.6,Water at Hydroelectric Turbine,2021
0253050,Nenana,Railbelt Grid,1.9,Solar,2021
0253050,Nenana,Railbelt Grid,104.8,Subbituminous Coal,2021
0253050,Nenana,Railbelt Grid,1403.7,Natural Gas,2021
0253050,Nenana,Railbelt Grid,89.5,Electricity used for Energy Storage,2021
0253050,Nenana,Railbelt Grid,90.0,Lignite Coal,2021
0253050,Nenana,Railbelt Grid,11.5,Landfill Gas,2021
0253050,Nenana,Railbelt Grid,231.9,Distillate Fuel Oil,2021
0253710,New Stuyahok,New Stuyahok Grid,1.2,Distillate Fuel Oil,2021
0253270,Newhalen,Newhalen Grid,0.8,Water at Hydroelectric Turbine,2021
0253270,Newhalen,Newhalen Grid,0.9,Distillate Fuel Oil,2021
0253820,Newtok,Newtok Grid,0.4,Distillate Fuel Oil,2021
0253930,Nightmute,Toksook Bay Grid,0.1,Wind,2021
0253930,Nightmute,Toksook Bay Grid,2.7,Distillate Fuel Oil,2021
0254050,Nikiski,Railbelt Grid,60.0,Waste Oil,2021
0254050,Nikiski,Railbelt Grid,44.5,Wind,2021
0254050,Nikiski,Railbelt Grid,191.6,Water at Hydroelectric Turbine,2021
0254050,Nikiski,Railbelt Grid,1.9,Solar,2021
0254050,Nikiski,Railbelt Grid,104.8,Subbituminous Coal,2021
0254050,Nikiski,Railbelt Grid,1403.7,Natural Gas,2021
0254050,Nikiski,Railbelt Grid,89.5,Electricity used for Energy Storage,2021
0254050,Nikiski,Railbelt Grid,90.0,Lignite Coal,2021
0254050,Nikiski,Railbelt Grid,11.5,Landfill Gas,2021
0254050,Nikiski,Railbelt Grid,231.9,Distillate Fuel Oil,2021
0254085,Nikolaevsk,Railbelt Grid,60.0,Waste Oil,2021
0254085,Nikolaevsk,Railbelt Grid,44.5,Wind,2021
0254085,Nikolaevsk,Railbelt Grid,191.6,Water at Hydroelectric Turbine,2021
0254085,Nikolaevsk,Railbelt Grid,1.9,Solar,2021
0254085,Nikolaevsk,Railbelt Grid,104.8,Subbituminous Coal,2021
0254085,Nikolaevsk,Railbelt Grid,1403.7,Natural Gas,2021
0254085,Nikolaevsk,Railbelt Grid,89.5,Electricity used for Energy Storage,2021
0254085,Nikolaevsk,Railbelt Grid,90.0,Lignite Coal,2021
0254085,Nikolaevsk,Railbelt Grid,11.5,Landfill Gas,2021
0254085,Nikolaevsk,Railbelt Grid,231.9,Distillate Fuel Oil,2021
0254150,Nikolai,Nikolai Grid,0.2,Distillate Fuel Oil,2021
0254260,Nikolski,Nikolski Grid,,,
0254480,Ninilchik,Railbelt Grid,60.0,Waste Oil,2021
0254480,Ninilchik,Railbelt Grid,44.5,Wind,2021
0254480,Ninilchik,Railbelt Grid,191.6,Water at Hydroelectric Turbine,2021
0254480,Ninilchik,Railbelt Grid,1.9,Solar,2021
0254480,Ninilchik,Railbelt Grid,104.8,Subbituminous Coal,2021
0254480,Ninilchik,Railbelt Grid,1403.7,Natural Gas,2021
0254480,Ninilchik,Railbelt Grid,89.5,Electricity used for Energy Storage,2021
0254480,Ninilchik,Railbelt Grid,90.0,Lignite Coal,2021
0254480,Ninilchik,Railbelt Grid,11.5,Landfill Gas,2021
0254480,Ninilchik,Railbelt Grid,231.9,Distillate Fuel Oil,2021
0254700,Noatak,Noatak Grid,1.3,Distillate Fuel Oil,2021
0254920,Nome,Nome Grid,1.8,Wind,2021
0254920,Nome,Nome Grid,16.6,Distillate Fuel Oil,2021
0255030,Nondalton,Newhalen Grid,0.8,Water at Hydroelectric Turbine,2021
0255030,Nondalton,Newhalen Grid,0.9,Distillate Fuel Oil,2021
0255140,Noorvik,Noorvik Grid,0.0,Solar,2021
0255140,Noorvik,Noorvik Grid,1.6,Distillate Fuel Oil,2021
0255745,North Lakes,Railbelt Grid,60.0,Waste Oil,2021
0255745,North Lakes,Railbelt Grid,44.5,Wind,2021
0255745,North Lakes,Railbelt Grid,191.6,Water at Hydroelectric Turbine,2021
0255745,North Lakes,Railbelt Grid,1.9,Solar,2021
0255745,North Lakes,Railbelt Grid,104.8,Subbituminous Coal,2021
0255745,North Lakes,Railbelt Grid,1403.7,Natural Gas,2021
0255745,North Lakes,Railbelt Grid,89.5,Electricity used for Energy Storage,2021
0255745,North Lakes,Railbelt Grid,90.0,Lignite Coal,2021
0255745,North Lakes,Railbelt Grid,11.5,Landfill Gas,2021
0255745,North Lakes,Railbelt Grid,231.9,Distillate Fuel Oil,2021
0255910,North Pole,Railbelt Grid,60.0,Waste Oil,2021
0255910,North Pole,Railbelt Grid,44.5,Wind,2021
0255910,North Pole,Railbelt Grid,191.6,Water at Hydroelectric Turbine,2021
0255910,North Pole,Railbelt Grid,1.9,Solar,2021
0255910,North Pole,Railbelt Grid,104.8,Subbituminous Coal,2021
0255910,North Pole,Railbelt Grid,1403.7,Natural Gas,2021
0255910,North Pole,Railbelt Grid,89.5,Electricity used for Energy Storage,2021
0255910,North Pole,Railbelt Grid,90.0,Lignite Coal,2021
0255910,North Pole,Railbelt Grid,11.5,Landfill Gas,2021
0255910,North Pole,Railbelt Grid,231.9,Distillate Fuel Oil,2021
0256220,Northway,Northway Grid,1.1,Distillate Fuel Oil,2021
0256320,Nuiqsut,Nuiqsut Grid,2.2,Natural Gas,2021
0256320,Nuiqsut,Nuiqsut Grid,2.2,Distillate Fuel Oil,2021
0256350,Nulato,Nulato Grid,1.0,Distillate Fuel Oil,2021
0256600,Nunam Iqua,Nunam Iqua Grid,1.7,Distillate Fuel Oil,2021
0256680,Nunapitchuk,Kasigluk Grid,0.3,Wind,2021
0256680,Nunapitchuk,Kasigluk Grid,3.0,Distillate Fuel Oil,2021
0257340,Old Harbor,Old Harbor Grid,1.0,Distillate Fuel Oil,2021
0258330,Oscarville,Bethel Grid,0.9,Wind,2021
0258330,Oscarville,Bethel Grid,12.9,Distillate Fuel Oil,2021
0258550,Ouzinkie,Ouzinkie Grid,0.1,Water at Hydroelectric Turbine,2021
0258550,Ouzinkie,Ouzinkie Grid,0.3,Distillate Fuel Oil,2021
0258660,Palmer,Railbelt Grid,60.0,Waste Oil,2021
0258660,Palmer,Railbelt Grid,44.5,Wind,2021
0258660,Palmer,Railbelt Grid,191.6,Water at Hydroelectric Turbine,2021
0258660,Palmer,Railbelt Grid,1.9,Solar,2021
0258660,Palmer,Railbelt Grid,104.8,Subbituminous Coal,2021
0258660,Palmer,Railbelt Grid,1403.7,Natural Gas,2021
0258660,Palmer,Railbelt Grid,89.5,Electricity used for Energy Storage,2021
0258660,Palmer,Railbelt Grid,90.0,Lignite Coal,2021
0258660,Palmer,Railbelt Grid,11.5,Landfill Gas,2021
0258660,Palmer,Railbelt Grid,231.9,Distillate Fuel Oil,2021
0259320,Paxson,Paxson Grid,,,
0259540,Pedro Bay,Pedro Bay Grid,0.2,Distillate Fuel Oil,2021
0259650,Pelican,Pelican Grid,1.4,Water at Hydroelectric Turbine,2021
0259650,Pelican,Pelican Grid,1.0,Distillate Fuel Oil,2021
0260200,Perryville,Perryville Grid,0.0,Wind,2021
0260200,Perryville,Perryville Grid,0.5,Distillate Fuel Oil,2021
0260310,Petersburg,SEAPA Grid,63.3,Water at Hydroelectric Turbine,2021
0260310,Petersburg,SEAPA Grid,47.3,Distillate Fuel Oil,2021
0260460,Petersville,,,,
0260640,Pilot Point,Pilot Point Grid,0.2,Wind,2021
0260640,Pilot Point,Pilot Point Grid,0.3,Distillate Fuel Oil,2021
0260750,Pilot Station,Pilot Station Grid,1.5,Distillate Fuel Oil,2021
0260860,Pitkas Point,Saint Marys Grid,0.9,Wind,2021
0260860,Pitkas Point,Saint Marys Grid,4.6,Distillate Fuel Oil,2021
0261080,Platinum,Platinum Grid,0.1,Distillate Fuel Oil,2021
0261120,Pleasant Valley,Railbelt Grid,60.0,Waste Oil,2021
0261120,Pleasant Valley,Railbelt Grid,44.5,Wind,2021
0261120,Pleasant Valley,Railbelt Grid,191.6,Water at Hydroelectric Turbine,2021
0261120,Pleasant Valley,Railbelt Grid,1.9,Solar,2021
0261120,Pleasant Valley,Railbelt Grid,104.8,Subbituminous Coal,2021
0261120,Pleasant Valley,Railbelt Grid,1403.7,Natural Gas,2021
0261120,Pleasant Valley,Railbelt Grid,89.5,Electricity used for Energy Storage,2021
0261120,Pleasant Valley,Railbelt Grid,90.0,Lignite Coal,2021
0261120,Pleasant Valley,Railbelt Grid,11.5,Landfill Gas,2021
0261120,Pleasant Valley,Railbelt Grid,231.9,Distillate Fuel Oil,2021
0261190,Point Baker,,,,
0261630,Point Hope,Point Hope Grid,3.1,Distillate Fuel Oil,2021
0261700,Point Lay,Point Lay Grid,2.4,Distillate Fuel Oil,2021
0261788,Point MacKenzie,Railbelt Grid,60.0,Waste Oil,2021
0261788,Point MacKenzie,Railbelt Grid,44.5,Wind,2021
0261788,Point MacKenzie,Railbelt Grid,191.6,Water at Hydroelectric Turbine,2021
0261788,Point MacKenzie,Railbelt Grid,1.9,Solar,2021
0261788,Point MacKenzie,Railbelt Grid,104.8,Subbituminous Coal,2021
0261788,Point MacKenzie,Railbelt Grid,1403.7,Natural Gas,2021
0261788,Point MacKenzie,Railbelt Grid,89.5,Electricity used for Energy Storage,2021
0261788,Point MacKenzie,Railbelt Grid,90.0,Lignite Coal,2021
0261788,Point MacKenzie,Railbelt Grid,11.5,Landfill Gas,2021
0261788,Point MacKenzie,Railbelt Grid,231.9,Distillate Fuel Oil,2021
0261825,Point Possession,,,,
0262125,Pope-Vannoy Landing,,,,
0262510,Port Alexander,,,,
0262620,Port Alsworth,Port Alsworth Grid,0.8,Distillate Fuel Oil,2021
0263170,Port Clarence,,,,
0263280,Port Graham,,,,
0263390,Port Heiden,Port Heiden Grid,0.7,Distillate Fuel Oil,2021
0263610,Port Lions,Kodiak Grid,9.0,Wind,2021
0263610,Port Lions,Kodiak Grid,33.6,Water at Hydroelectric Turbine,2021
0263610,Port Lions,Kodiak Grid,5.0,Electricity used for Energy Storage,2021
0263610,Port Lions,Kodiak Grid,37.2,Distillate Fuel Oil,2021
0263870,Port Protection,,,,
0262285,Portage Creek,,,,
0264240,Primrose,Railbelt Grid,60.0,Waste Oil,2021
0264240,Primrose,Railbelt Grid,44.5,Wind,2021
0264240,Primrose,Railbelt Grid,191.6,Water at Hydroelectric Turbine,2021
0264240,Primrose,Railbelt Grid,1.9,Solar,2021
0264240,Primrose,Railbelt Grid,104.8,Subbituminous Coal,2021
0264240,Primrose,Railbelt Grid,1403.7,Natural Gas,2021
0264240,Primrose,Railbelt Grid,89.5,Electricity used for Energy Storage,2021
0264240,Primrose,Railbelt Grid,90.0,Lignite Coal,2021
0264240,Primrose,Railbelt Grid,11.5,Landfill Gas,2021
0264240,Primrose,Railbelt Grid,231.9,Distillate Fuel Oil,2021
0264380,Prudhoe Bay,Deadhorse Grid,33.2,Natural Gas,2021
0264380,Prudhoe Bay,Deadhorse Grid,0.3,Distillate Fuel Oil,2021
0264600,Quinhagak,Quinhagak Grid,0.3,Wind,2021
0264600,Quinhagak,Quinhagak Grid,1.3,Distillate Fuel Oil,2021
0264820,Rampart,Rampart Grid,0.3,Distillate Fuel Oil,2021
0264930,Red Devil,Red Devil Grid,,,
0264980,Red Dog Mine,,,,
0265345,Ridgeway,Railbelt Grid,60.0,Waste Oil,2021
0265345,Ridgeway,Railbelt Grid,44.5,Wind,2021
0265345,Ridgeway,Railbelt Grid,191.6,Water at Hydroelectric Turbine,2021
0265345,Ridgeway,Railbelt Grid,1.9,Solar,2021
0265345,Ridgeway,Railbelt Grid,104.8,Subbituminous Coal,2021
0265345,Ridgeway,Railbelt Grid,1403.7,Natural Gas,2021
0265345,Ridgeway,Railbelt Grid,89.5,Electricity used for Energy Storage,2021
0265345,Ridgeway,Railbelt Grid,90.0,Lignite Coal,2021
0265345,Ridgeway,Railbelt Grid,11.5,Landfill Gas,2021
0265345,Ridgeway,Railbelt Grid,231.9,Distillate Fuel Oil,2021
0265590,Ruby,Ruby Grid,0.5,Distillate Fuel Oil,2021
0265700,Russian Mission,Russian Mission Grid,0.9,Distillate Fuel Oil,2021
0265800,Saint George,Saint George Grid,0.1,Wind,2021
0265800,Saint George,Saint George Grid,0.8,Distillate Fuel Oil,2021
0266140,Saint Mary's,Saint Marys Grid,0.9,Wind,2021
0266140,Saint Mary's,Saint Marys Grid,4.6,Distillate Fuel Oil,2021
0266360,Saint Michael,Stebbins Grid,2.8,Distillate Fuel Oil,2021
0266470,Saint Paul,Saint Paul Grid,0.2,Wind,2021
0266470,Saint Paul,Saint Paul Grid,2.7,Distillate Fuel Oil,2021
0266510,Salamatof,Railbelt Grid,60.0,Waste Oil,2021
0266510,Salamatof,Railbelt Grid,44.5,Wind,2021
0266510,Salamatof,Railbelt Grid,191.6,Water at Hydroelectric Turbine,2021
0266510,Salamatof,Railbelt Grid,1.9,Solar,2021
0266510,Salamatof,Railbelt Grid,104.8,Subbituminous Coal,2021
0266510,Salamatof,Railbelt Grid,1403.7,Natural Gas,2021
0266510,Salamatof,Railbelt Grid,89.5,Electricity used for Energy Storage,2021
0266510,Salamatof,Railbelt Grid,90.0,Lignite Coal,2021
0266510,Salamatof,Railbelt Grid,11.5,Landfill Gas,2021
0266510,Salamatof,Railbelt Grid,231.9,Distillate Fuel Oil,2021
0266550,Salcha,Railbelt Grid,60.0,Waste Oil,2021
0266550,Salcha,Railbelt Grid,44.5,Wind,2021
0266550,Salcha,Railbelt Grid,191.6,Water at Hydroelectric Turbine,2021
0266550,Salcha,Railbelt Grid,1.9,Solar,2021
0266550,Salcha,Railbelt Grid,104.8,Subbituminous Coal,2021
0266550,Salcha,Railbelt Grid,1403.7,Natural Gas,2021
0266550,Salcha,Railbelt Grid,89.5,Electricity used for Energy Storage,2021
0266550,Salcha,Railbelt Grid,90.0,Lignite Coal,2021
0266550,Salcha,Railbelt Grid,11.5,Landfill Gas,2021
0266550,Salcha,Railbelt Grid,231.9,Distillate Fuel Oil,2021
0267020,Sand Point,Sand Point Grid,1.0,Wind,2021
0267020,Sand Point,Sand Point Grid,2.9,Distillate Fuel Oil,2021
0267460,Savoonga,Savoonga Grid,0.2,Wind,2021
0267460,Savoonga,Savoonga Grid,1.5,Distillate Fuel Oil,2021
0267570,Saxman,SEAPA Grid,63.3,Water at Hydroelectric Turbine,2021
0267570,Saxman,SEAPA Grid,47.3,Distillate Fuel Oil,2021
0267680,Scammon Bay,Scammon Bay Grid,1.1,Distillate Fuel Oil,2021
0268230,Selawik,Selawik Grid,0.3,Wind,2021
0268230,Selawik,Selawik Grid,2.3,Distillate Fuel Oil,2021
0268340,Seldovia,Railbelt Grid,60.0,Waste Oil,2021
0268340,Seldovia,Railbelt Grid,44.5,Wind,2021
0268340,Seldovia,Railbelt Grid,191.6,Water at Hydroelectric Turbine,2021
0268340,Seldovia,Railbelt Grid,1.9,Solar,2021
0268340,Seldovia,Railbelt Grid,104.8,Subbituminous Coal,2021
0268340,Seldovia,Railbelt Grid,1403.7,Natural Gas,2021
0268340,Seldovia,Railbelt Grid,89.5,Electricity used for Energy Storage,2021
0268340,Seldovia,Railbelt Grid,90.0,Lignite Coal,2021
0268340,Seldovia,Railbelt Grid,11.5,Landfill Gas,2021
0268340,Seldovia,Railbelt Grid,231.9,Distillate Fuel Oil,2021
0268370,Seldovia Village,Railbelt Grid,60.0,Waste Oil,2021
0268370,Seldovia Village,Railbelt Grid,44.5,Wind,2021
0268370,Seldovia Village,Railbelt Grid,191.6,Water at Hydroelectric Turbine,2021
0268370,Seldovia Village,Railbelt Grid,1.9,Solar,2021
0268370,Seldovia Village,Railbelt Grid,104.8,Subbituminous Coal,2021
0268370,Seldovia Village,Railbelt Grid,1403.7,Natural Gas,2021
0268370,Seldovia Village,Railbelt Grid,89.5,Electricity used for Energy Storage,2021
0268370,Seldovia Village,Railbelt Grid,90.0,Lignite Coal,2021
0268370,Seldovia Village,Railbelt Grid,11.5,Landfill Gas,2021
0268370,Seldovia Village,Railbelt Grid,231.9,Distillate Fuel Oil,2021
0268560,Seward,Railbelt Grid,60.0,Waste Oil,2021
0268560,Seward,Railbelt Grid,44.5,Wind,2021
0268560,Seward,Railbelt Grid,191.6,Water at Hydroelectric Turbine,2021
0268560,Seward,Railbelt Grid,1.9,Solar,2021
0268560,Seward,Railbelt Grid,104.8,Subbituminous Coal,2021
0268560,Seward,Railbelt Grid,1403.7,Natural Gas,2021
0268560,Seward,Railbelt Grid,89.5,Electricity used for Energy Storage,2021
0268560,Seward,Railbelt Grid,90.0,Lignite Coal,2021
0268560,Seward,Railbelt Grid,11.5,Landfill Gas,2021
0268560,Seward,Railbelt Grid,231.9,Distillate Fuel Oil,2021
0268670,Shageluk,Shageluk Grid,0.4,Distillate Fuel Oil,2021
0268890,Shaktoolik,Shaktoolik Grid,0.2,Wind,2021
0268890,Shaktoolik,Shaktoolik Grid,0.8,Distillate Fuel Oil,2021
0269770,Shishmaref,Shishmaref Grid,1.4,Distillate Fuel Oil,2021
0270100,Shungnak,Shungnak Grid,0.2,Solar,2021
0270100,Shungnak,Shungnak Grid,0.2,Electricity used for Energy Storage,2021
0270100,Shungnak,Shungnak Grid,1.7,Distillate Fuel Oil,2021
0270320,Silver Springs,Copper Valley Grid,5.3,Waste Oil,2021
0270320,Silver Springs,Copper Valley Grid,18.5,Water at Hydroelectric Turbine,2021
0270320,Silver Springs,Copper Valley Grid,17.8,Distillate Fuel Oil,2021
0270540,Sitka,Sitka Grid,34.5,Water at Hydroelectric Turbine,2021
0270540,Sitka,Sitka Grid,25.6,Distillate Fuel Oil,2021
0270760,Skagway,Upper Lynn Canal Grid,9.8,Water at Hydroelectric Turbine,2021
0270760,Skagway,Upper Lynn Canal Grid,14.9,Distillate Fuel Oil,2021
0270870,Skwentna,,,,
0270930,Slana,Slana Grid,1.1,Distillate Fuel Oil,2021
0271090,Sleetmute,Sleetmute Grid,0.3,Distillate Fuel Oil,2021
0271640,Soldotna,Railbelt Grid,60.0,Waste Oil,2021
0271640,Soldotna,Railbelt Grid,44.5,Wind,2021
0271640,Soldotna,Railbelt Grid,191.6,Water at Hydroelectric Turbine,2021
0271640,Soldotna,Railbelt Grid,1.9,Solar,2021
0271640,Soldotna,Railbelt Grid,104.8,Subbituminous Coal,2021
0271640,Soldotna,Railbelt Grid,1403.7,Natural Gas,2021
0271640,Soldotna,Railbelt Grid,89.5,Electricity used for Energy Storage,2021
0271640,Soldotna,Railbelt Grid,90.0,Lignite Coal,2021
0271640,Soldotna,Railbelt Grid,11.5,Landfill Gas,2021
0271640,Soldotna,Railbelt Grid,231.9,Distillate Fuel Oil,2021
0272135,South Lakes,Railbelt Grid,60.0,Waste Oil,2021
0272135,South Lakes,Railbelt Grid,44.5,Wind,2021
0272135,South Lakes,Railbelt Grid,191.6,Water at Hydroelectric Turbine,2021
0272135,South Lakes,Railbelt Grid,1.9,Solar,2021
0272135,South Lakes,Railbelt Grid,104.8,Subbituminous Coal,2021
0272135,South Lakes,Railbelt Grid,1403.7,Natural Gas,2021
0272135,South Lakes,Railbelt Grid,89.5,Electricity used for Energy Storage,2021
0272135,South Lakes,Railbelt Grid,90.0,Lignite Coal,2021
0272135,South Lakes,Railbelt Grid,11.5,Landfill Gas,2021
0272135,South Lakes,Railbelt Grid,231.9,Distillate Fuel Oil,2021
0272190,South Naknek,Naknek Grid,16.5,Distillate Fuel Oil,2021
0272230,South Van Horn,Railbelt Grid,60.0,Waste Oil,2021
0272230,South Van Horn,Railbelt Grid,44.5,Wind,2021
0272230,South Van Horn,Railbelt Grid,191.6,Water at Hydroelectric Turbine,2021
0272230,South Van Horn,Railbelt Grid,1.9,Solar,2021
0272230,South Van Horn,Railbelt Grid,104.8,Subbituminous Coal,2021
0272230,South Van Horn,Railbelt Grid,1403.7,Natural Gas,2021
0272230,South Van Horn,Railbelt Grid,89.5,Electricity used for Energy Storage,2021
0272230,South Van Horn,Railbelt Grid,90.0,Lignite Coal,2021
0272230,South Van Horn,Railbelt Grid,11.5,Landfill Gas,2021
0272230,South Van Horn,Railbelt Grid,231.9,Distillate Fuel Oil,2021
0272960,Stebbins,Stebbins Grid,2.8,Distillate Fuel Oil,2021
0272985,Steele Creek,Railbelt Grid,60.0,Waste Oil,2021
0272985,Steele Creek,Railbelt Grid,44.5,Wind,2021
0272985,Steele Creek,Railbelt Grid,191.6,Water at Hydroelectric Turbine,2021
0272985,Steele Creek,Railbelt Grid,1.9,Solar,2021
0272985,Steele Creek,Railbelt Grid,104.8,Subbituminous Coal,2021
0272985,Steele Creek,Railbelt Grid,1403.7,Natural Gas,2021
0272985,Steele Creek,Railbelt Grid,89.5,Electricity used for Energy Storage,2021
0272985,Steele Creek,Railbelt Grid,90.0,Lignite Coal,2021
0272985,Steele Creek,Railbelt Grid,11.5,Landfill Gas,2021
0272985,Steele Creek,Railbelt Grid,231.9,Distillate Fuel Oil,2021
0273070,Sterling,Railbelt Grid,60.0,Waste Oil,2021
0273070,Sterling,Railbelt Grid,44.5,Wind,2021
0273070,Sterling,Railbelt Grid,191.6,Water at Hydroelectric Turbine,2021
0273070,Sterling,Railbelt Grid,1.9,Solar,2021
0273070,Sterling,Railbelt Grid,104.8,Subbituminous Coal,2021
0273070,Sterling,Railbelt Grid,1403.7,Natural Gas,2021
0273070,Sterling,Railbelt Grid,89.5,Electricity used for Energy Storage,2021
0273070,Sterling,Railbelt Grid,90.0,Lignite Coal,2021
0273070,Sterling,Railbelt Grid,11.5,Landfill Gas,2021
0273070,Sterling,Railbelt Grid,231.9,Distillate Fuel Oil,2021
0273290,Stevens Village,Stevens Village Grid,0.3,Distillate Fuel Oil,2021
0273400,Stony River,Stony River Grid,0.1,Distillate Fuel Oil,2021
0273950,Sunrise,Railbelt Grid,60.0,Waste Oil,2021
0273950,Sunrise,Railbelt Grid,44.5,Wind,2021
0273950,Sunrise,Railbelt Grid,191.6,Water at Hydroelectric Turbine,2021
0273950,Sunrise,Railbelt Grid,1.9,Solar,2021
0273950,Sunrise,Railbelt Grid,104.8,Subbituminous Coal,2021
0273950,Sunrise,Railbelt Grid,1403.7,Natural Gas,2021
0273950,Sunrise,Railbelt Grid,89.5,Electricity used for Energy Storage,2021
0273950,Sunrise,Railbelt Grid,90.0,Lignite Coal,2021
0273950,Sunrise,Railbelt Grid,11.5,Landfill Gas,2021
0273950,Sunrise,Railbelt Grid,231.9,Distillate Fuel Oil,2021
0274340,Susitna,,,,
0274350,Susitna North,Railbelt Grid,60.0,Waste Oil,2021
0274350,Susitna North,Railbelt Grid,44.5,Wind,2021
0274350,Susitna North,Railbelt Grid,191.6,Water at Hydroelectric Turbine,2021
0274350,Susitna North,Railbelt Grid,1.9,Solar,2021
0274350,Susitna North,Railbelt Grid,104.8,Subbituminous Coal,2021
0274350,Susitna North,Railbelt Grid,1403.7,Natural Gas,2021
0274350,Susitna North,Railbelt Grid,89.5,Electricity used for Energy Storage,2021
0274350,Susitna North,Railbelt Grid,90.0,Lignite Coal,2021
0274350,Susitna North,Railbelt Grid,11.5,Landfill Gas,2021
0274350,Susitna North,Railbelt Grid,231.9,Distillate Fuel Oil,2021
0274525,Sutton-Alpine,Railbelt Grid,60.0,Waste Oil,2021
0274525,Sutton-Alpine,Railbelt Grid,44.5,Wind,2021
0274525,Sutton-Alpine,Railbelt Grid,191.6,Water at Hydroelectric Turbine,2021
0274525,Sutton-Alpine,Railbelt Grid,1.9,Solar,2021
0274525,Sutton-Alpine,Railbelt Grid,104.8,Subbituminous Coal,2021
0274525,Sutton-Alpine,Railbelt Grid,1403.7,Natural Gas,2021
0274525,Sutton-Alpine,Railbelt Grid,89.5,Electricity used for Energy Storage,2021
0274525,Sutton-Alpine,Railbelt Grid,90.0,Lignite Coal,2021
0274525,Sutton-Alpine,Railbelt Grid,11.5,Landfill Gas,2021
0274525,Sutton-Alpine,Railbelt Grid,231.9,Distillate Fuel Oil,2021
0274610,Takotna,Takotna Grid,0.2,Distillate Fuel Oil,2021
0274830,Talkeetna,Railbelt Grid,60.0,Waste Oil,2021
0274830,Talkeetna,Railbelt Grid,44.5,Wind,2021
0274830,Talkeetna,Railbelt Grid,191.6,Water at Hydroelectric Turbine,2021
0274830,Talkeetna,Railbelt Grid,1.9,Solar,2021
0274830,Talkeetna,Railbelt Grid,104.8,Subbituminous Coal,2021
0274830,Talkeetna,Railbelt Grid,1403.7,Natural Gas,2021
0274830,Talkeetna,Railbelt Grid,89.5,Electricity used for Energy Storage,2021
0274830,Talkeetna,Railbelt Grid,90.0,Lignite Coal,2021
0274830,Talkeetna,Railbelt Grid,11.5,Landfill Gas,2021
0274830,Talkeetna,Railbelt Grid,231.9,Distillate Fuel Oil,2021
0275050,Tanacross,Tok Grid,5.2,Distillate Fuel Oil,2021
0275077,Tanaina,Railbelt Grid,60.0,Waste Oil,2021
0275077,Tanaina,Railbelt Grid,44.5,Wind,2021
0275077,Tanaina,Railbelt Grid,191.6,Water at Hydroelectric Turbine,2021
0275077,Tanaina,Railbelt Grid,1.9,Solar,2021
0275077,Tanaina,Railbelt Grid,104.8,Subbituminous Coal,2021
0275077,Tanaina,Railbelt Grid,1403.7,Natural Gas,2021
0275077,Tanaina,Railbelt Grid,89.5,Electricity used for Energy Storage,2021
0275077,Tanaina,Railbelt Grid,90.0,Lignite Coal,2021
0275077,Tanaina,Railbelt Grid,11.5,Landfill Gas,2021
0275077,Tanaina,Railbelt Grid,231.9,Distillate Fuel Oil,2021
0275160,Tanana,Tanana Grid,1.6,Distillate Fuel Oil,2021
0275380,Tatitlek,Tatitlek Grid,,,
0275480,Tazlina,Copper Valley Grid,5.3,Waste Oil,2021
0275480,Tazlina,Copper Valley Grid,18.5,Water at Hydroelectric Turbine,2021
0275480,Tazlina,Copper Valley Grid,17.8,Distillate Fuel Oil,2021
0275930,Teller,Teller Grid,1.1,Distillate Fuel Oil,2021
0276260,Tenakee Springs,Tenakee Springs Grid,0.2,Water at Hydroelectric Turbine,2021
0276260,Tenakee Springs,Tenakee Springs Grid,0.2,Distillate Fuel Oil,2021
0276590,Tetlin,Tok Grid,5.2,Distillate Fuel Oil,2021
0277140,Thorne Bay,Prince of Wales Island Grid,11.5,Water at Hydroelectric Turbine,2021
0277140,Thorne Bay,Prince of Wales Island Grid,15.1,Distillate Fuel Oil,2021
0277690,Togiak,Togiak Grid,2.6,Distillate Fuel Oil,2021
0277800,Tok,Tok Grid,5.2,Distillate Fuel Oil,2021
0278240,Toksook Bay,Toksook Bay Grid,0.1,Wind,2021
0278240,Toksook Bay,Toksook Bay Grid,2.7,Distillate Fuel Oil,2021
0278297,Tolsona,Copper Valley Grid,5.3,Waste Oil,2021
0278297,Tolsona,Copper Valley Grid,18.5,Water at Hydroelectric Turbine,2021
0278297,Tolsona,Copper Valley Grid,17.8,Distillate Fuel Oil,2021
0278350,Tonsina,,,,
0278680,Trapper Creek,Railbelt Grid,60.0,Waste Oil,2021
0278680,Trapper Creek,Railbelt Grid,44.5,Wind,2021
0278680,Trapper Creek,Railbelt Grid,191.6,Water at Hydroelectric Turbine,2021
0278680,Trapper Creek,Railbelt Grid,1.9,Solar,2021
0278680,Trapper Creek,Railbelt Grid,104.8,Subbituminous Coal,2021
0278680,Trapper Creek,Railbelt Grid,1403.7,Natural Gas,2021
0278680,Trapper Creek,Railbelt Grid,89.5,Electricity used for Energy Storage,2021
0278680,Trapper Creek,Railbelt Grid,90.0,Lignite Coal,2021
0278680,Trapper Creek,Railbelt Grid,11.5,Landfill Gas,2021
0278680,Trapper Creek,Railbelt Grid,231.9,Distillate Fuel Oil,2021
0278790,Tuluksak,Tuluksak Grid,0.5,Distillate Fuel Oil,2021
0279120,Tuntutuliak,Tuntutuliak Grid,0.5,Wind,2021
0279120,Tuntutuliak,Tuntutuliak Grid,0.3,Electricity used for Energy Storage,2021
0279120,Tuntutuliak,Tuntutuliak Grid,1.7,Distillate Fuel Oil,2021
0279230,Tununak,Toksook Bay Grid,0.1,Wind,2021
0279230,Tununak,Toksook Bay Grid,2.7,Distillate Fuel Oil,2021
0279780,Twin Hills,Togiak Grid,2.6,Distillate Fuel Oil,2021
0279830,Two Rivers,Railbelt Grid,60.0,Waste Oil,2021
0279830,Two Rivers,Railbelt Grid,44.5,Wind,2021
0279830,Two Rivers,Railbelt Grid,191.6,Water at Hydroelectric Turbine,2021
0279830,Two Rivers,Railbelt Grid,1.9,Solar,2021
0279830,Two Rivers,Railbelt Grid,104.8,Subbituminous Coal,2021
0279830,Two Rivers,Railbelt Grid,1403.7,Natural Gas,2021
0279830,Two Rivers,Railbelt Grid,89.5,Electricity used for Energy Storage,2021
0279830,Two Rivers,Railbelt Grid,90.0,Lignite Coal,2021
0279830,Two Rivers,Railbelt Grid,11.5,Landfill Gas,2021
0279830,Two Rivers,Railbelt Grid,231.9,Distillate Fuel Oil,2021
0279890,Tyonek,Railbelt Grid,60.0,Waste Oil,2021
0279890,Tyonek,Railbelt Grid,44.5,Wind,2021
0279890,Tyonek,Railbelt Grid,191.6,Water at Hydroelectric Turbine,2021
0279890,Tyonek,Railbelt Grid,1.9,Solar,2021
0279890,Tyonek,Railbelt Grid,104.8,Subbituminous Coal,2021
0279890,Tyonek,Railbelt Grid,1403.7,Natural Gas,2021
0279890,Tyonek,Railbelt Grid,89.5,Electricity used for Energy Storage,2021
0279890,Tyonek,Railbelt Grid,90.0,Lignite Coal,2021
0279890,Tyonek,Railbelt Grid,11.5,Landfill Gas,2021
0279890,Tyonek,Railbelt Grid,231.9,Distillate Fuel Oil,2021
0280100,Ugashik,,,,
0280660,Unalakleet,Unalakleet Grid,0.6,Wind,2021
0280660,Unalakleet,Unalakleet Grid,1.9,Distillate Fuel Oil,2021
0280770,Unalaska,Unalaska Grid,0.2,Waste Heat,2021
0280770,Unalaska,Unalaska Grid,47.1,Distillate Fuel Oil,2021
0281320,Upper Kalskag,Upper Kalskag Grid,1.1,Distillate Fuel Oil,2021
0281920,Utqiagvik,Utqiagvik Grid,20.3,Natural Gas,2021
0282200,Valdez,Copper Valley Grid,5.3,Waste Oil,2021
0282200,Valdez,Copper Valley Grid,18.5,Water at Hydroelectric Turbine,2021
0282200,Valdez,Copper Valley Grid,17.8,Distillate Fuel Oil,2021
0282420,Venetie,Venetie Grid,0.5,Distillate Fuel Oil,2021
0282750,Wainwright,Wainwright Grid,3.0,Distillate Fuel Oil,2021
0282860,Wales,Wales Grid,0.5,Distillate Fuel Oil,2021
0283080,Wasilla,Railbelt Grid,60.0,Waste Oil,2021
0283080,Wasilla,Railbelt Grid,44.5,Wind,2021
0283080,Wasilla,Railbelt Grid,191.6,Water at Hydroelectric Turbine,2021
0283080,Wasilla,Railbelt Grid,1.9,Solar,2021
0283080,Wasilla,Railbelt Grid,104.8,Subbituminous Coal,2021
0283080,Wasilla,Railbelt Grid,1403.7,Natural Gas,2021
0283080,Wasilla,Railbelt Grid,89.5,Electricity used for Energy Storage,2021
0283080,Wasilla,Railbelt Grid,90.0,Lignite Coal,2021
0283080,Wasilla,Railbelt Grid,11.5,Landfill Gas,2021
0283080,Wasilla,Railbelt Grid,231.9,Distillate Fuel Oil,2021
0284000,Whale Pass,Whale Pass Grid,0.6,Distillate Fuel Oil,2021
0284070,White Mountain,White Mountain Grid,0.4,Distillate Fuel Oil,2021
0284120,Whitestone,Railbelt Grid,60.0,Waste Oil,2021
0284120,Whitestone,Railbelt Grid,44.5,Wind,2021
0284120,Whitestone,Railbelt Grid,191.6,Water at Hydroelectric Turbine,2021
0284120,Whitestone,Railbelt Grid,1.9,Solar,2021
0284120,Whitestone,Railbelt Grid,104.8,Subbituminous Coal,2021
0284120,Whitestone,Railbelt Grid,1403.7,Natural Gas,2021
0284120,Whitestone,Railbelt Grid,89.5,Electricity used for Energy Storage,2021
0284120,Whitestone,Railbelt Grid,90.0,Lignite Coal,2021
0284120,Whitestone,Railbelt Grid,11.5,Landfill Gas,2021
0284120,Whitestone,Railbelt Grid,231.9,Distillate Fuel Oil,2021
0284200,Whitestone Logging Camp,,,,
0284510,Whittier,Railbelt Grid,60.0,Waste Oil,2021
0284510,Whittier,Railbelt Grid,44.5,Wind,2021
0284510,Whittier,Railbelt Grid,191.6,Water at Hydroelectric Turbine,2021
0284510,Whittier,Railbelt Grid,1.9,Solar,2021
0284510,Whittier,Railbelt Grid,104.8,Subbituminous Coal,2021
0284510,Whittier,Railbelt Grid,1403.7,Natural Gas,2021
0284510,Whittier,Railbelt Grid,89.5,Electricity used for Energy Storage,2021
0284510,Whittier,Railbelt Grid,90.0,Lignite Coal,2021
0284510,Whittier,Railbelt Grid,11.5,Landfill Gas,2021
0284510,Whittier,Railbelt Grid,231.9,Distillate Fuel Oil,2021
0285280,Willow,Railbelt Grid,60.0,Waste Oil,2021
0285280,Willow,Railbelt Grid,44.5,Wind,2021
0285280,Willow,Railbelt Grid,191.6,Water at Hydroelectric Turbine,2021
0285280,Willow,Railbelt Grid,1.9,Solar,2021
0285280,Willow,Railbelt Grid,104.8,Subbituminous Coal,2021
0285280,Willow,Railbelt Grid,1403.7,Natural Gas,2021
0285280,Willow,Railbelt Grid,89.5,Electricity used for Energy Storage,2021
0285280,Willow,Railbelt Grid,90.0,Lignite Coal,2021
0285280,Willow,Railbelt Grid,11.5,Landfill Gas,2021
0285280,Willow,Railbelt Grid,231.9,Distillate Fuel Oil,2021
0285290,Willow Creek,Copper Valley Grid,5.3,Waste Oil,2021
0285290,Willow Creek,Copper Valley Grid,18.5,Water at Hydroelectric Turbine,2021
0285290,Willow Creek,Copper Valley Grid,17.8,Distillate Fuel Oil,2021
0285610,Wiseman,,,,
0285680,Womens Bay,Kodiak Grid,9.0,Wind,2021
0285680,Womens Bay,Kodiak Grid,33.6,Water at Hydroelectric Turbine,2021
0285680,Womens Bay,Kodiak Grid,5.0,Electricity used for Energy Storage,2021
0285680,Womens Bay,Kodiak Grid,37.2,Distillate Fuel Oil,2021
0286380,Wrangell,SEAPA Grid,63.3,Water at Hydroelectric Turbine,2021
0286380,Wrangell,SEAPA Grid,47.3,Distillate Fuel Oil,2021
0286490,Yakutat,Yakutat Grid,4.2,Distillate Fuel Oil,2021
