fips_code,name,regional_corporation,borough,grid,reporting_entity,economic_region,pce_eligible,latitude,longitude
0200065,Adak,Aleut Alaska Native Regional Corporation,Aleutians West Census Area,Adak Grid,TDX Adak Generating LLC,Southwest Economic Region,t,51.86824598,-176.64029588
0200650,Akhiok,Koniag Alaska Native Regional Corporation,Kodiak Island Borough,Akhiok Grid,City of Akhiok,Gulf Coast Economic Region,t,56.94681464,-154.17324554
0200760,Akiachak,Calista Alaska Native Regional Corporation,Bethel Census Area,Akiachak Grid,Akiachak Native Community,Southwest Economic Region,t,60.91380831,-161.44909474
0200870,Akiak,Calista Alaska Native Regional Corporation,Bethel Census Area,Akiak Grid,Akiak City Council,Southwest Economic Region,t,60.90749213,-161.23000172
0201090,Akutan,Aleut Alaska Native Regional Corporation,Aleutians East Borough,Akutan Grid,City of Akutan,Southwest Economic Region,t,54.13431811,-165.77353925
0201200,Alakanuk,Calista Alaska Native Regional Corporation,Kusilvak Census Area,Emmonak Grid,Alaska Village Electric Cooperative,Southwest Economic Region,t,62.68697714,-164.66754759
0201305,Alatna,Doyon Alaska Native Regional Corporation,Yukon-Koyukuk Census Area,Allakaket Grid,Alaska Power & Telephone Company,Interior Economic Region,t,66.55452803,-152.70131499
0201390,Alcan Border,Doyon Alaska Native Regional Corporation,Southeast Fairbanks Census Area,,,Interior Economic Region,,62.62210719,-141.010596
0201420,Aleknagik,Bristol Bay Alaska Native Regional Corporation,Dillingham Census Area,Dillingham Grid,Nushagak Electric Cooperative,Southwest Economic Region,t,59.27920737,-158.62162503
0201560,Aleneva,Koniag Alaska Native Regional Corporation,Kodiak Island Borough,,,Gulf Coast Economic Region,,58.00410201,-152.88103859
0201860,Allakaket,Doyon Alaska Native Regional Corporation,Yukon-Koyukuk Census Area,Allakaket Grid,Alaska Power & Telephone Company,Interior Economic Region,t,66.56004842,-152.64948048
0201970,Ambler,NANA Alaska Native Regional Corporation,Northwest Arctic Borough,Ambler Grid,Alaska Village Electric Cooperative,Northern Economic Region,t,67.08647078,-157.85652784
0202080,Anaktuvuk Pass,Arctic Slope Alaska Native Regional Corporation,North Slope Borough,Anaktuvuk Pass Grid,North Slope Borough Power & Light,Northern Economic Region,t,68.14185077,-151.73586607
0203110,Anchor Point,Cook Inlet Alaska Native Regional Corporation,Kenai Peninsula Borough,Railbelt Grid,Homer Electric Assn Inc,Gulf Coast Economic Region,,59.7764369,-151.83401493
0203000,Anchorage,Cook Inlet Alaska Native Regional Corporation,Municipality of Anchorage,Railbelt Grid,Chugach Electric Assn Inc,Anchorage/Mat-Su Economic Region,f,61.21627757,-149.89484742
0203220,Anderson,Doyon Alaska Native Regional Corporation,Denali Borough,Railbelt Grid,Golden Valley Elec Assn Inc,Interior Economic Region,,64.34335795,-149.19078163
0203440,Angoon,Sealaska Alaska Native Regional Corporation,Hoonah-Angoon Census Area,Angoon Grid,Inside Passage Electric,Southeast Economic Region,t,57.4995695,-134.58084625
0203550,Aniak,Calista Alaska Native Regional Corporation,Bethel Census Area,Aniak Grid,Aniak Light & Power,Southwest Economic Region,t,61.57876388,-159.52759488
0203880,Anvik,Doyon Alaska Native Regional Corporation,Yukon-Koyukuk Census Area,Anvik Grid,Alaska Village Electric Cooperative,Interior Economic Region,t,62.65252995,-160.1993288
0203990,Arctic Village,Doyon Alaska Native Regional Corporation,Yukon-Koyukuk Census Area,Arctic Village Grid,Arctic Village Electric Company,Interior Economic Region,t,68.12846168,-145.53554078
0204210,Atka,Aleut Alaska Native Regional Corporation,Aleutians West Census Area,Atka Grid,City of Atka,Southwest Economic Region,t,52.19780764,-174.20019881
0204430,Atmautluak,Calista Alaska Native Regional Corporation,Bethel Census Area,Atmautluak Grid,Atmautluak Tribal Utilities,Southwest Economic Region,t,60.85729827,-162.27641211
0204500,Atqasuk,Arctic Slope Alaska Native Regional Corporation,North Slope Borough,Atqasuk Grid,North Slope Borough Power & Light,Northern Economic Region,t,70.48213652,-157.4235473
0204670,Attu Station,Aleut Alaska Native Regional Corporation,Aleutians West Census Area,,,Southwest Economic Region,,52.82597479,-186.82919984
0205000,Badger,Doyon Alaska Native Regional Corporation,Fairbanks North Star Borough,Railbelt Grid,Golden Valley Elec Assn Inc,Interior Economic Region,,64.80456701,-147.41261495
0205585,Bear Creek,Chugach Alaska Native Regional Corporation,Kenai Peninsula Borough,Railbelt Grid,City of Seward,Gulf Coast Economic Region,,60.16854457,-149.40230311
0205750,Beaver,Doyon Alaska Native Regional Corporation,Yukon-Koyukuk Census Area,Beaver Grid,Beaver Joint Utilities,Interior Economic Region,t,66.36034846,-147.39714881
0206245,Beluga,Cook Inlet Alaska Native Regional Corporation,Kenai Peninsula Borough,Railbelt Grid,Chugach Electric Assn Inc,Gulf Coast Economic Region,,61.17214851,-151.04303622
0206520,Bethel,Calista Alaska Native Regional Corporation,Bethel Census Area,Bethel Grid,Alaska Village Electric Cooperative,Southwest Economic Region,t,60.7911992,-161.77177087
0206630,Bettles,Doyon Alaska Native Regional Corporation,Yukon-Koyukuk Census Area,Bettles Grid,Alaska Power & Telephone Company,Interior Economic Region,t,66.92186904,-151.50835587
0206850,Big Delta,Doyon Alaska Native Regional Corporation,Southeast Fairbanks Census Area,Railbelt Grid,Golden Valley Elec Assn Inc,Interior Economic Region,,64.14721319,-145.83455566
0207070,Big Lake,Cook Inlet Alaska Native Regional Corporation,Matanuska-Susitna Borough,Railbelt Grid,Matanuska Electric Assn Inc,Anchorage/Mat-Su Economic Region,,61.55227873,-149.81915873
0207620,Birch Creek,Doyon Alaska Native Regional Corporation,Yukon-Koyukuk Census Area,Birch Creek Grid,Birch Creek Electric Company,Interior Economic Region,t,66.2629693,-145.8179463
0208740,Brevig Mission,Bering Straits Alaska Native Regional Corporation,Nome Census Area,Brevig Mission Grid,Alaska Village Electric Cooperative,Northern Economic Region,t,65.33448805,-166.4922015
0209600,Buckland,NANA Alaska Native Regional Corporation,Northwest Arctic Borough,Buckland Grid,City of Buckland,Northern Economic Region,t,65.97765384,-161.12902024
0209657,Buffalo Soapstone,Cook Inlet Alaska Native Regional Corporation,Matanuska-Susitna Borough,Railbelt Grid,Matanuska Electric Assn Inc,Anchorage/Mat-Su Economic Region,,61.69132433,-149.01110337
0209710,Butte,Cook Inlet Alaska Native Regional Corporation,Matanuska-Susitna Borough,Railbelt Grid,Matanuska Electric Assn Inc,Anchorage/Mat-Su Economic Region,,61.54162777,-149.03543549
0210150,Cantwell,Ahtna Alaska Native Regional Corporation,Denali Borough,Railbelt Grid,Golden Valley Elec Assn Inc,Interior Economic Region,,63.39242527,-148.89538626
0211690,Central,Doyon Alaska Native Regional Corporation,Yukon-Koyukuk Census Area,Central Grid,Gold Country Energy,Interior Economic Region,t,65.57070889,-144.82193545
0211800,Chalkyitsik,Doyon Alaska Native Regional Corporation,Yukon-Koyukuk Census Area,Chalkyitsik Grid,Chalkyitsik Village Council,Interior Economic Region,t,66.65040098,-143.7278962
0212350,Chase,Cook Inlet Alaska Native Regional Corporation,Matanuska-Susitna Borough,Railbelt Grid,Matanuska Electric Assn Inc,Anchorage/Mat-Su Economic Region,,62.44980587,-150.0512588
0212680,Chefornak,Calista Alaska Native Regional Corporation,Bethel Census Area,Chefornak Grid,Naterkaq Light Plant (City of Chefornak),Southwest Economic Region,t,60.15801495,-164.28034055
0212920,Chena Ridge,Doyon Alaska Native Regional Corporation,Fairbanks North Star Borough,Railbelt Grid,Golden Valley Elec Assn Inc,Interior Economic Region,,64.82586622,-147.96915819
0212970,Chenega,Chugach Alaska Native Regional Corporation,Chugach Census Area,Chenega Grid,Chenega Ira Council,Gulf Coast Economic Region,t,60.06559632,-148.01234038
0213230,Chevak,Calista Alaska Native Regional Corporation,Kusilvak Census Area,Chevak Grid,Alaska Village Electric Cooperative,Southwest Economic Region,t,61.52861818,-165.59052769
0213340,Chickaloon,Cook Inlet Alaska Native Regional Corporation,Matanuska-Susitna Borough,Railbelt Grid,Matanuska Electric Assn Inc,Anchorage/Mat-Su Economic Region,,61.79624012,-148.47881249
0213450,Chicken,Doyon Alaska Native Regional Corporation,Southeast Fairbanks Census Area,,,Interior Economic Region,,64.07262591,-141.93364877
0213550,Chignik,Bristol Bay Alaska Native Regional Corporation,Lake and Peninsula Borough,Chignik Grid,City of Chignik,Southwest Economic Region,t,56.3012632,-158.41415576
0213670,Chignik Lagoon,Bristol Bay Alaska Native Regional Corporation,Lake and Peninsula Borough,Chignik Lagoon Grid,Chignik Lagoon Power Utility,Southwest Economic Region,t,56.31042481,-158.53776105
0213780,Chignik Lake,Bristol Bay Alaska Native Regional Corporation,Lake and Peninsula Borough,Chignik Lake Grid,Chignik Lake Electric Utility,Southwest Economic Region,t,56.25373123,-158.76308415
0213860,Chiniak,Koniag Alaska Native Regional Corporation,Kodiak Island Borough,Kodiak Grid,Kodiak Electric Assn Inc,Gulf Coast Economic Region,,57.61797554,-152.22281779
0213890,Chisana,Ahtna Alaska Native Regional Corporation,Copper River Census Area,,,Gulf Coast Economic Region,,62.05966564,-142.03526376
0214000,Chistochina,Ahtna Alaska Native Regional Corporation,Copper River Census Area,Slana Grid,Alaska Power & Telephone Company,Gulf Coast Economic Region,t,62.56636226,-144.66418745
0214110,Chitina,Ahtna Alaska Native Regional Corporation,Copper River Census Area,Chitina Grid,Chitina Electric Inc,Gulf Coast Economic Region,t,61.51649027,-144.44111788
0214330,Chuathbaluk,Calista Alaska Native Regional Corporation,Bethel Census Area,Chuathbaluk Grid,Middle Kuskokwim Electric,Southwest Economic Region,t,61.57491472,-159.24202177
0214880,Circle,Doyon Alaska Native Regional Corporation,Yukon-Koyukuk Census Area,Circle Grid,Circle Electric Utility,Interior Economic Region,t,65.82664654,-144.06674913
0215320,Clam Gulch,Cook Inlet Alaska Native Regional Corporation,Kenai Peninsula Borough,Railbelt Grid,Homer Electric Assn Inc,Gulf Coast Economic Region,,60.22643138,-151.40223941
0215430,Clark's Point,Bristol Bay Alaska Native Regional Corporation,Dillingham Census Area,Clarks Point Grid,City of Clark's Point,Southwest Economic Region,t,58.8345343,-158.54797691
0216360,Coffman Cove,Sealaska Alaska Native Regional Corporation,Prince of Wales-Hyder Census Area,Prince of Wales Island Grid,Alaska Power & Telephone Company,Southeast Economic Region,t,56.01404249,-132.82826284
0216420,Cohoe,Cook Inlet Alaska Native Regional Corporation,Kenai Peninsula Borough,Railbelt Grid,Homer Electric Assn Inc,Gulf Coast Economic Region,,60.36911853,-151.31957957
0216530,Cold Bay,Aleut Alaska Native Regional Corporation,Aleutians East Borough,Cold Bay Grid,G & K Inc,Southwest Economic Region,t,55.20656795,-162.71498738
0216630,Coldfoot,Doyon Alaska Native Regional Corporation,Yukon-Koyukuk Census Area,,,Interior Economic Region,,67.25623468,-150.18959842
0216750,College,Doyon Alaska Native Regional Corporation,Fairbanks North Star Borough,Railbelt Grid,Golden Valley Elec Assn Inc,Interior Economic Region,,64.8569,-147.8028
0217190,Cooper Landing,Cook Inlet Alaska Native Regional Corporation,Kenai Peninsula Borough,Railbelt Grid,Chugach Electric Assn Inc,Gulf Coast Economic Region,,60.49487276,-149.80840696
0217300,Copper Center,Ahtna Alaska Native Regional Corporation,Copper River Census Area,Copper Valley Grid,Copper Valley Elec Assn Inc,Gulf Coast Economic Region,,61.955,-145.3053
0217410,Cordova,Chugach Alaska Native Regional Corporation,Chugach Census Area,Cordova Grid,Cordova Electric Cooperative,Gulf Coast Economic Region,t,60.54406292,-145.76017488
0217670,Covenant Life,Sealaska Alaska Native Regional Corporation,Haines Borough,Upper Lynn Canal Grid,Alaska Power & Telephone Company,Southeast Economic Region,t,59.39371811,-135.98980801
0217740,Craig,Sealaska Alaska Native Regional Corporation,Prince of Wales-Hyder Census Area,Prince of Wales Island Grid,Alaska Power & Telephone Company,Southeast Economic Region,t,55.47604421,-133.15108263
0217850,Crooked Creek,Calista Alaska Native Regional Corporation,Bethel Census Area,Crooked Creek Grid,Middle Kuskokwim Electric,Southwest Economic Region,t,61.87042537,-158.10581652
0217960,Crown Point,Cook Inlet Alaska Native Regional Corporation,Kenai Peninsula Borough,Railbelt Grid,Chugach Electric Assn Inc,Gulf Coast Economic Region,,60.41930962,-149.36954724
0218510,Deering,NANA Alaska Native Regional Corporation,Northwest Arctic Borough,Deering Grid,Ipnatchiaq Electric Company,Northern Economic Region,t,66.07667336,-162.72884219
0218620,Delta Junction,Doyon Alaska Native Regional Corporation,Southeast Fairbanks Census Area,Railbelt Grid,Golden Valley Elec Assn Inc,Interior Economic Region,f,64.04716726,-145.73666819
0218675,Deltana,Doyon Alaska Native Regional Corporation,Southeast Fairbanks Census Area,Railbelt Grid,Golden Valley Elec Assn Inc,Interior Economic Region,,63.88714449,-145.17379154
0218805,Denali Park,Doyon Alaska Native Regional Corporation,Denali Borough,Railbelt Grid,Golden Valley Elec Assn Inc,Interior Economic Region,,63.73232007,-148.91686675
0218925,Diamond Ridge,Cook Inlet Alaska Native Regional Corporation,Kenai Peninsula Borough,Railbelt Grid,Homer Electric Assn Inc,Gulf Coast Economic Region,,59.6761111,-151.5575
0218950,Dillingham,Bristol Bay Alaska Native Regional Corporation,Dillingham Census Area,Dillingham Grid,Nushagak Electric Cooperative,Southwest Economic Region,t,59.03937443,-158.46307877
0219060,Diomede,Bering Straits Alaska Native Regional Corporation,Nome Census Area,Diomede Grid,Diomede Joint Utilities,Northern Economic Region,t,65.75835251,-168.95179186
0219720,Dot Lake,Doyon Alaska Native Regional Corporation,Southeast Fairbanks Census Area,Tok Grid,Alaska Power & Telephone Company,Interior Economic Region,t,63.65794205,-144.05888081
0219750,Dot Lake Village,Doyon Alaska Native Regional Corporation,Southeast Fairbanks Census Area,Tok Grid,Alaska Power & Telephone Company,Interior Economic Region,t,63.65559219,-144.04934005
0220020,Dry Creek,Doyon Alaska Native Regional Corporation,Southeast Fairbanks Census Area,,,Interior Economic Region,,63.67518647,-144.60181163
0220380,Eagle,Doyon Alaska Native Regional Corporation,Southeast Fairbanks Census Area,Eagle Grid,Alaska Power & Telephone Company,Interior Economic Region,t,64.78893968,-141.2075972
0220600,Eagle Village,Doyon Alaska Native Regional Corporation,Southeast Fairbanks Census Area,Eagle Grid,Alaska Power & Telephone Company,Interior Economic Region,t,64.74518901,-141.04578638
0220716,Eareckson Station,Aleut Alaska Native Regional Corporation,Aleutians West Census Area,,,Southwest Economic Region,,52.7246,-185.8879
0220970,Edna Bay,Sealaska Alaska Native Regional Corporation,Prince of Wales-Hyder Census Area,,,Southeast Economic Region,,55.95512271,-133.65815775
0221040,Eek,Calista Alaska Native Regional Corporation,Bethel Census Area,Eek Grid,Alaska Village Electric Cooperative,Southwest Economic Region,t,60.21890592,-162.02949727
0221150,Egegik,Bristol Bay Alaska Native Regional Corporation,Lake and Peninsula Borough,Egegik Grid,Egegik Light & Power Co,Southwest Economic Region,t,58.20907023,-157.37575053
0221370,Eielson AFB,Doyon Alaska Native Regional Corporation,Fairbanks North Star Borough,Railbelt Grid,Golden Valley Elec Assn Inc,Interior Economic Region,,64.6701432,-147.08105662
0221810,Ekwok,Bristol Bay Alaska Native Regional Corporation,Dillingham Census Area,New Stuyahok Grid,Alaska Village Electric Cooperative,Southwest Economic Region,t,59.35024427,-157.47804697
0222140,Elfin Cove,Sealaska Alaska Native Regional Corporation,Hoonah-Angoon Census Area,Elfin Cove Grid,Elfin Cove Utility Commission,Southeast Economic Region,t,58.19391484,-136.3454861
0222250,Elim,Bering Straits Alaska Native Regional Corporation,Nome Census Area,Elim Grid,Alaska Village Electric Cooperative,Northern Economic Region,t,64.61655211,-162.26450688
0222910,Emmonak,Calista Alaska Native Regional Corporation,Kusilvak Census Area,Emmonak Grid,Alaska Village Electric Cooperative,Southwest Economic Region,t,62.77694738,-164.52984686
0223460,Ester,Doyon Alaska Native Regional Corporation,Fairbanks North Star Borough,Railbelt Grid,Golden Valley Elec Assn Inc,Interior Economic Region,,64.85543162,-147.97679327
0223720,Eureka Roadhouse,Ahtna Alaska Native Regional Corporation,Matanuska-Susitna Borough,,Copper Valley Elec Assn Inc,Anchorage/Mat-Su Economic Region,,61.9386111,-147.1680556
0223790,Evansville,Doyon Alaska Native Regional Corporation,Yukon-Koyukuk Census Area,Bettles Grid,Alaska Power & Telephone Company,Interior Economic Region,t,66.92462485,-151.50578451
0223900,Excursion Inlet,Sealaska Alaska Native Regional Corporation,Haines Borough,,,Southeast Economic Region,,58.41682002,-135.44314779
0224230,Fairbanks,Doyon Alaska Native Regional Corporation,Fairbanks North Star Borough,Railbelt Grid,Golden Valley Elec Assn Inc,Interior Economic Region,f,64.83969225,-147.72124822
0224660,False Pass,Aleut Alaska Native Regional Corporation,Aleutians East Borough,False Pass Grid,City of False Pass,Southwest Economic Region,t,54.85503086,-163.41473878
0225000,Farm Loop,Cook Inlet Alaska Native Regional Corporation,Matanuska-Susitna Borough,Railbelt Grid,Matanuska Electric Assn Inc,Anchorage/Mat-Su Economic Region,,61.64000731,-149.14533535
0224980,Farmers Loop,Doyon Alaska Native Regional Corporation,Fairbanks North Star Borough,Railbelt Grid,Golden Valley Elec Assn Inc,Interior Economic Region,,64.88981073,-147.76059729
0225220,Ferry,Doyon Alaska Native Regional Corporation,Denali Borough,Railbelt Grid,Golden Valley Elec Assn Inc,Interior Economic Region,,64.01708593,-149.11573078
0225550,Fishhook,Cook Inlet Alaska Native Regional Corporation,Matanuska-Susitna Borough,Railbelt Grid,Matanuska Electric Assn Inc,Anchorage/Mat-Su Economic Region,,61.69322118,-149.24867697
0225880,Flat,Doyon Alaska Native Regional Corporation,Yukon-Koyukuk Census Area,,,Interior Economic Region,,62.4536,-158.0075
0226100,Fort Greely,Doyon Alaska Native Regional Corporation,Southeast Fairbanks Census Area,Railbelt Grid,Golden Valley Elec Assn Inc,Interior Economic Region,,63.99181799,-145.72394043
0226760,Fort Yukon,Doyon Alaska Native Regional Corporation,Yukon-Koyukuk Census Area,Fort Yukon Grid,Gwitchyaa Zhee Utilities Company,Interior Economic Region,t,66.5661669,-145.24128376
0226835,Four Mile Road,Doyon Alaska Native Regional Corporation,Yukon-Koyukuk Census Area,Railbelt Grid,Golden Valley Elec Assn Inc,Interior Economic Region,,64.6003,-149.1179
0226870,Fox,Doyon Alaska Native Regional Corporation,Fairbanks North Star Borough,Railbelt Grid,Golden Valley Elec Assn Inc,Interior Economic Region,,64.9581,-147.6183
0226910,Fox River,Cook Inlet Alaska Native Regional Corporation,Kenai Peninsula Borough,Railbelt Grid,Homer Electric Assn Inc,Gulf Coast Economic Region,,59.85351563,-150.91597622
0227090,Fritz Creek,Cook Inlet Alaska Native Regional Corporation,Kenai Peninsula Borough,Railbelt Grid,Homer Electric Assn Inc,Gulf Coast Economic Region,,59.7254375,-151.29865991
0227145,Funny River,Cook Inlet Alaska Native Regional Corporation,Kenai Peninsula Borough,Railbelt Grid,Homer Electric Assn Inc,Gulf Coast Economic Region,,60.5019444,-150.7622222
0227420,Gakona,Ahtna Alaska Native Regional Corporation,Copper River Census Area,,Copper Valley Elec Assn Inc,Gulf Coast Economic Region,,62.30189681,-145.30187315
0227530,Galena,Doyon Alaska Native Regional Corporation,Yukon-Koyukuk Census Area,Galena Grid,City of Galena,Interior Economic Region,t,64.74265286,-156.87712316
0227640,Gambell,Bering Straits Alaska Native Regional Corporation,Nome Census Area,Gambell Grid,Alaska Village Electric Cooperative,Northern Economic Region,t,63.77688454,-171.71882642
0227700,Game Creek,Sealaska Alaska Native Regional Corporation,Hoonah-Angoon Census Area,,,Southeast Economic Region,,58.05586863,-135.50986598
0228200,Gateway,Cook Inlet Alaska Native Regional Corporation,Matanuska-Susitna Borough,Railbelt Grid,Matanuska Electric Assn Inc,Anchorage/Mat-Su Economic Region,,61.57408532,-149.23996944
0228590,Glacier View,Cook Inlet Alaska Native Regional Corporation,Matanuska-Susitna Borough,Copper Valley Grid,Matanuska Electric Assn Inc,Anchorage/Mat-Su Economic Region,,61.79346959,-147.72600629
0228740,Glennallen,Ahtna Alaska Native Regional Corporation,Copper River Census Area,Copper Valley Grid,Copper Valley Elec Assn Inc,Gulf Coast Economic Region,f,62.11266845,-145.52778197
0229130,Goldstream,Doyon Alaska Native Regional Corporation,Fairbanks North Star Borough,Railbelt Grid,Golden Valley Elec Assn Inc,Interior Economic Region,,64.9273104,-147.87946723
0229180,Golovin,Bering Straits Alaska Native Regional Corporation,Nome Census Area,Golovin Grid,Golovin Power Utilities,Northern Economic Region,t,64.54239095,-163.03671154
0229290,Goodnews Bay,Calista Alaska Native Regional Corporation,Bethel Census Area,Goodnews Bay Grid,Alaska Village Electric Cooperative,Southwest Economic Region,t,59.11822517,-161.58225677
0230060,Grayling,Doyon Alaska Native Regional Corporation,Yukon-Koyukuk Census Area,Grayling Grid,Alaska Village Electric Cooperative,Interior Economic Region,t,62.90643891,-160.06572812
0230500,Gulkana,Ahtna Alaska Native Regional Corporation,Copper River Census Area,Copper Valley Grid,Copper Valley Elec Assn Inc,Gulf Coast Economic Region,,62.26858008,-145.37187803
0230940,Gustavus,Sealaska Alaska Native Regional Corporation,Hoonah-Angoon Census Area,Gustavus Grid,Alaska Power & Telephone Company,Southeast Economic Region,t,58.41334287,-135.73906162
0231050,Haines,Sealaska Alaska Native Regional Corporation,Haines Borough,Upper Lynn Canal Grid,Alaska Power & Telephone Company,Southeast Economic Region,t,59.23431397,-135.44787598
0231270,Halibut Cove,Cook Inlet Alaska Native Regional Corporation,Kenai Peninsula Borough,Railbelt Grid,Homer Electric Assn Inc,Gulf Coast Economic Region,,59.59769795,-151.22378748
0231710,Happy Valley,Cook Inlet Alaska Native Regional Corporation,Kenai Peninsula Borough,Railbelt Grid,Homer Electric Assn Inc,Gulf Coast Economic Region,,59.93501064,-151.73800293
0231765,Harding-Birch Lakes,Doyon Alaska Native Regional Corporation,Fairbanks North Star Borough,Railbelt Grid,,Interior Economic Region,,64.37150719,-146.59929367
0232150,Healy,Doyon Alaska Native Regional Corporation,Denali Borough,Railbelt Grid,Golden Valley Elec Assn Inc,Interior Economic Region,f,63.87038443,-149.00584489
0232310,Healy Lake,Doyon Alaska Native Regional Corporation,Southeast Fairbanks Census Area,Healy Lake Grid,Alaska Power & Telephone Company,Interior Economic Region,t,63.99992871,-144.73348817
0232550,Hobart Bay,Sealaska Alaska Native Regional Corporation,Petersburg Borough,,,Southeast Economic Region,,57.46425365,-133.34780625
0232810,Hollis,Sealaska Alaska Native Regional Corporation,Prince of Wales-Hyder Census Area,Prince of Wales Island Grid,Alaska Power & Telephone Company,Southeast Economic Region,t,55.4822323,-132.6500231
0233030,Holy Cross,Doyon Alaska Native Regional Corporation,Yukon-Koyukuk Census Area,Holy Cross Grid,Alaska Village Electric Cooperative,Interior Economic Region,t,62.1984422,-159.77182893
0233140,Homer,Cook Inlet Alaska Native Regional Corporation,Kenai Peninsula Borough,Railbelt Grid,Homer Electric Assn Inc,Gulf Coast Economic Region,f,59.64718757,-151.53200662
0233360,Hoonah,Sealaska Alaska Native Regional Corporation,Hoonah-Angoon Census Area,Hoonah Grid,Inside Passage Electric,Southeast Economic Region,t,58.10953807,-135.44570828
0233470,Hooper Bay,Calista Alaska Native Regional Corporation,Kusilvak Census Area,Hooper Bay Grid,Alaska Village Electric Cooperative,Southwest Economic Region,t,61.53087969,-166.09643323
0233580,Hope,Cook Inlet Alaska Native Regional Corporation,Kenai Peninsula Borough,Railbelt Grid,Chugach Electric Assn Inc,Gulf Coast Economic Region,,60.91793289,-149.62222901
0233800,Houston,Cook Inlet Alaska Native Regional Corporation,Matanuska-Susitna Borough,Railbelt Grid,Matanuska Electric Assn Inc,Anchorage/Mat-Su Economic Region,f,61.6312394,-149.80142669
0233910,Hughes,Doyon Alaska Native Regional Corporation,Yukon-Koyukuk Census Area,Hughes Grid,Hughes Power & Light,Interior Economic Region,t,66.04587278,-154.25821908
0234350,Huslia,Doyon Alaska Native Regional Corporation,Yukon-Koyukuk Census Area,Huslia Grid,Alaska Village Electric Cooperative,Interior Economic Region,t,65.70183545,-156.39470172
0234460,Hydaburg,Sealaska Alaska Native Regional Corporation,Prince of Wales-Hyder Census Area,Prince of Wales Island Grid,Alaska Power & Telephone Company,Southeast Economic Region,t,55.2059259,-132.8235136
0234570,Hyder,Sealaska Alaska Native Regional Corporation,Prince of Wales-Hyder Census Area,,,Southeast Economic Region,,55.9157523,-130.02551423
0234790,Igiugig,Bristol Bay Alaska Native Regional Corporation,Lake and Peninsula Borough,Igiugig Grid,Igiugig Electric Company,Southwest Economic Region,t,59.32534731,-155.90354017
0235120,Iliamna,Bristol Bay Alaska Native Regional Corporation,Lake and Peninsula Borough,Newhalen Grid,I-N-N Electric Coop Inc,Southwest Economic Region,t,59.7547,-154.9061
0235890,Ivanof Bay,Bristol Bay Alaska Native Regional Corporation,Lake and Peninsula Borough,,,Southwest Economic Region,,55.90343422,-159.48416326
0236400,Juneau,Sealaska Alaska Native Regional Corporation,City and Borough of Juneau,Juneau Grid,Alaska Electric Light & Power Co.,Southeast Economic Region,f,58.29983971,-134.40663973
0236540,Kachemak,Cook Inlet Alaska Native Regional Corporation,Kenai Peninsula Borough,Railbelt Grid,Homer Electric Assn Inc,Gulf Coast Economic Region,,59.66696928,-151.45273429
0236770,Kake,Sealaska Alaska Native Regional Corporation,Prince of Wales-Hyder Census Area,Kake Grid,Inside Passage Electric,Southeast Economic Region,t,56.97444988,-133.9447988
0236990,Kaktovik,Arctic Slope Alaska Native Regional Corporation,North Slope Borough,Kaktovik Grid,North Slope Borough Power & Light,Northern Economic Region,t,70.12661247,-143.6128541
0237250,Kalifornsky,Cook Inlet Alaska Native Regional Corporation,Kenai Peninsula Borough,Railbelt Grid,Homer Electric Assn Inc,Gulf Coast Economic Region,,60.48779710326106,-151.15524869328416
0237430,Kaltag,Doyon Alaska Native Regional Corporation,Yukon-Koyukuk Census Area,Kaltag Grid,Alaska Village Electric Cooperative,Interior Economic Region,t,64.32656393,-158.72493203
0237540,Karluk,Koniag Alaska Native Regional Corporation,Kodiak Island Borough,Karluk Grid,Alutiiq Power Company,Gulf Coast Economic Region,t,57.56248915,-154.43668249
0237650,Kasaan,Sealaska Alaska Native Regional Corporation,Prince of Wales-Hyder Census Area,Prince of Wales Island Grid,Alaska Power & Telephone Company,Southeast Economic Region,t,55.53962256,-132.40392924
0237975,Kasigluk,Calista Alaska Native Regional Corporation,Bethel Census Area,Kasigluk Grid,Alaska Village Electric Cooperative,Southwest Economic Region,t,60.89457329,-162.51946956
0238090,Kasilof,Cook Inlet Alaska Native Regional Corporation,Kenai Peninsula Borough,Railbelt Grid,Homer Electric Assn Inc,Gulf Coast Economic Region,,60.32493784,-151.25684667
0238420,Kenai,Cook Inlet Alaska Native Regional Corporation,Kenai Peninsula Borough,Railbelt Grid,Homer Electric Assn Inc,Gulf Coast Economic Region,,60.5590139,-151.24880589
0238910,Kenny Lake,Ahtna Alaska Native Regional Corporation,Copper River Census Area,Copper Valley Grid,Copper Valley Elec Assn Inc,Gulf Coast Economic Region,,61.7374181,-144.94740603
0238970,Ketchikan,Sealaska Alaska Native Regional Corporation,Ketchikan Gateway Borough,SEAPA Grid,Ketchikan Public Utilities,Southeast Economic Region,f,55.34243333,-131.64802329
0239300,Kiana,NANA Alaska Native Regional Corporation,Northwest Arctic Borough,Kiana Grid,Alaska Village Electric Cooperative,Northern Economic Region,t,66.97420282,-160.43731917
0239410,King Cove,Aleut Alaska Native Regional Corporation,Aleutians East Borough,King Cove Grid,,Southwest Economic Region,t,55.05950824,-162.31126632
0239630,King Salmon,Bristol Bay Alaska Native Regional Corporation,Bristol Bay Borough,Naknek Grid,Naknek Electric Association,Southwest Economic Region,t,58.68137127,-156.66764668
0239740,Kipnuk,Calista Alaska Native Regional Corporation,Bethel Census Area,Kipnuk Grid,Kipnuk Light Plant,Southwest Economic Region,t,59.9363864,-164.03794006
0239960,Kivalina,NANA Alaska Native Regional Corporation,Northwest Arctic Borough,Kivalina Grid,Alaska Village Electric Cooperative,Northern Economic Region,t,67.72738683,-164.5399655
0240400,Klawock,Sealaska Alaska Native Regional Corporation,Prince of Wales-Hyder Census Area,Prince of Wales Island Grid,Alaska Power & Telephone Company,Southeast Economic Region,t,55.55450419,-133.09603454
0240510,Klukwan,Sealaska Alaska Native Regional Corporation,Hoonah-Angoon Census Area,Upper Lynn Canal Grid,Inside Passage Electric,Southeast Economic Region,t,59.40043417,-135.89587576
0240670,Knik River,Cook Inlet Alaska Native Regional Corporation,Matanuska-Susitna Borough,Railbelt Grid,Matanuska Electric Assn Inc,Anchorage/Mat-Su Economic Region,,61.49712115,-148.94092664
0240645,Knik-Fairview,Cook Inlet Alaska Native Regional Corporation,Matanuska-Susitna Borough,Railbelt Grid,Matanuska Electric Assn Inc,Anchorage/Mat-Su Economic Region,,61.51685582,-149.62083067
0240840,Kobuk,NANA Alaska Native Regional Corporation,Northwest Arctic Borough,Shungnak Grid,Alaska Village Electric Cooperative,Northern Economic Region,t,66.90770092,-156.88237275
0240950,Kodiak,Koniag Alaska Native Regional Corporation,Kodiak Island Borough,Kodiak Grid,Kodiak Electric Assn Inc,Gulf Coast Economic Region,f,57.79300136,-152.39748118
0241210,Kodiak Station,Koniag Alaska Native Regional Corporation,Kodiak Island Borough,Kodiak Grid,Kodiak Electric Assn Inc,Gulf Coast Economic Region,,57.7381,-152.5037
0241280,Kokhanok,Bristol Bay Alaska Native Regional Corporation,Lake and Peninsula Borough,Kokhanok Grid,Kokhanok Village Council,Southwest Economic Region,t,59.44000574,-154.74918539
0241500,Koliganek,Bristol Bay Alaska Native Regional Corporation,Dillingham Census Area,Koliganek Grid,New Koliganek Village Council,Southwest Economic Region,t,59.72640737,-157.28569589
0241610,Kongiganak,Calista Alaska Native Regional Corporation,Bethel Census Area,Kongiganak Grid,Puvurnaq Power Company,Southwest Economic Region,t,59.95943874,-162.88706395
0241720,Kotlik,Calista Alaska Native Regional Corporation,Kusilvak Census Area,Kotlik Grid,Alaska Village Electric Cooperative,Southwest Economic Region,t,63.03311399,-163.55653659
0241830,Kotzebue,NANA Alaska Native Regional Corporation,Northwest Arctic Borough,Kotzebue Grid,Kotzebue Electric Association,Northern Economic Region,t,66.89667542,-162.59298933
0241940,Koyuk,Bering Straits Alaska Native Regional Corporation,Nome Census Area,Koyuk Grid,Alaska Village Electric Cooperative,Northern Economic Region,t,64.93066131,-161.16487363
0242050,Koyukuk,Doyon Alaska Native Regional Corporation,Yukon-Koyukuk Census Area,Koyukuk Grid,City of Koyukuk,Interior Economic Region,t,64.88178878,-157.70270185
0242160,Kupreanof,Sealaska Alaska Native Regional Corporation,Petersburg Borough,SEAPA Grid,Petersburg Borough,Southeast Economic Region,,56.81669536,-132.97770415
0242380,Kwethluk,Calista Alaska Native Regional Corporation,Bethel Census Area,Kwethluk Grid,Kwethluk Incorporated d/b/a Kuiggluum Kallugvia,Southwest Economic Region,t,60.81122837,-161.43754673
0242490,Kwigillingok,Calista Alaska Native Regional Corporation,Bethel Census Area,Kwigillingok Grid,Kwigillingok Power Company,Southwest Economic Region,t,59.87709667,-163.15761839
0242805,Lake Louise,Ahtna Alaska Native Regional Corporation,Matanuska-Susitna Borough,,,Anchorage/Mat-Su Economic Region,,62.29986189,-146.58825648
0242820,Lake Minchumina,Doyon Alaska Native Regional Corporation,Yukon-Koyukuk Census Area,,,Interior Economic Region,,63.88261006,-152.31468697
0243040,Larsen Bay,Koniag Alaska Native Regional Corporation,Kodiak Island Borough,Larsen Bay Grid,,Gulf Coast Economic Region,t,57.53706833,-153.9814353
0243260,Lazy Mountain,Cook Inlet Alaska Native Regional Corporation,Matanuska-Susitna Borough,Railbelt Grid,Matanuska Electric Assn Inc,Anchorage/Mat-Su Economic Region,,61.62833023,-149.04599844
0243810,Levelock,Bristol Bay Alaska Native Regional Corporation,Lake and Peninsula Borough,Levelock Grid,Levelock Electrical Coop,Southwest Economic Region,t,59.11246319,-156.85750185
0244030,Lime Village,Calista Alaska Native Regional Corporation,Bethel Census Area,Lime Village Grid,Lime Village Electric Utility,Southwest Economic Region,t,61.35538888,-155.43702258
0244580,Livengood,Doyon Alaska Native Regional Corporation,Yukon-Koyukuk Census Area,,,Interior Economic Region,,65.52281398,-148.54850048
0245020,Loring,Sealaska Alaska Native Regional Corporation,Ketchikan Gateway Borough,,,Southeast Economic Region,,55.60281742,-131.6373989
0245295,Lowell Point,Chugach Alaska Native Regional Corporation,Kenai Peninsula Borough,Railbelt Grid,City of Seward,Gulf Coast Economic Region,,60.0725,-149.4411111
0245460,Lower Kalskag,Calista Alaska Native Regional Corporation,Bethel Census Area,Upper Kalskag Grid,Alaska Village Electric Cooperative,Southwest Economic Region,t,61.51236297,-160.36440167
0245700,Lutak,Sealaska Alaska Native Regional Corporation,Haines Borough,Upper Lynn Canal Grid,,Southeast Economic Region,,59.31301367,-135.5462038
0246780,Manley Hot Springs,Doyon Alaska Native Regional Corporation,Yukon-Koyukuk Census Area,Manley Hot Springs Grid,TDX Manley Generating LLC,Interior Economic Region,t,64.99588683,-150.63716518
0246890,Manokotak,Bristol Bay Alaska Native Regional Corporation,Dillingham Census Area,Manokotak Grid,Manokotak Power Company,Southwest Economic Region,t,58.97954187,-159.05492998
0247000,Marshall,Calista Alaska Native Regional Corporation,Kusilvak Census Area,Marshall Grid,Alaska Village Electric Cooperative,Southwest Economic Region,t,61.88144143,-162.08816948
0245790,McCarthy,Ahtna Alaska Native Regional Corporation,Copper River Census Area,,,Gulf Coast Economic Region,,61.43287967,-142.92370024
0246010,McGrath,Doyon Alaska Native Regional Corporation,Yukon-Koyukuk Census Area,McGrath Grid,Mcgrath Light & Power,Interior Economic Region,t,62.95014085,-155.58835315
0247735,Meadow Lakes,Cook Inlet Alaska Native Regional Corporation,Matanuska-Susitna Borough,Railbelt Grid,Matanuska Electric Assn Inc,Anchorage/Mat-Su Economic Region,,61.62425754,-149.60355194
0247990,Mekoryuk,Calista Alaska Native Regional Corporation,Bethel Census Area,Mekoryuk Grid,Alaska Village Electric Cooperative,Southwest Economic Region,t,60.38649408,-166.1928612
0248200,Mendeltna,Ahtna Alaska Native Regional Corporation,Copper River Census Area,Copper Valley Grid,Copper Valley Elec Assn Inc,Gulf Coast Economic Region,,62.0494,-146.5383
0248540,Mentasta Lake,Ahtna Alaska Native Regional Corporation,Copper River Census Area,Slana Grid,Alaska Power & Telephone Company,Gulf Coast Economic Region,t,62.92939878,-143.79758178
0248590,Mertarvik,Calista Alaska Native Regional Corporation,Bethel Census Area,Newtok Grid,,Southwest Economic Region,,60.81887984,-164.50713521
0248870,Metlakatla,,Prince of Wales-Hyder Census Area,Metlakatla Grid,Metlakatla Power & Light,Southeast Economic Region,f,55.12607391,-131.57330705
0249200,Mill Bay,Koniag Alaska Native Regional Corporation,Kodiak Island Borough,Kodiak Grid,Kodiak Electric Assn Inc,Gulf Coast Economic Region,,57.8155011,-152.3675422
0249530,Minto,Doyon Alaska Native Regional Corporation,Yukon-Koyukuk Census Area,Minto Grid,Alaska Village Electric Cooperative,Interior Economic Region,t,65.15214834,-149.34826008
0250080,Moose Creek,Doyon Alaska Native Regional Corporation,Fairbanks North Star Borough,Railbelt Grid,Golden Valley Elec Assn Inc,Interior Economic Region,,64.70862307,-147.15053014
0250190,Moose Pass,Cook Inlet Alaska Native Regional Corporation,Kenai Peninsula Borough,Railbelt Grid,Chugach Electric Assn Inc,Gulf Coast Economic Region,,60.48643528,-149.36827705
0250800,Mosquito Lake,Sealaska Alaska Native Regional Corporation,Haines Borough,Upper Lynn Canal Grid,,Southeast Economic Region,,59.44650625,-136.0314547
0251180,Mountain Village,Calista Alaska Native Regional Corporation,Kusilvak Census Area,Saint Marys Grid,Alaska Village Electric Cooperative,Southwest Economic Region,t,62.08954141,-163.72627562
0251455,Mud Bay,Sealaska Alaska Native Regional Corporation,Haines Borough,Upper Lynn Canal Grid,,Southeast Economic Region,,59.15998909,-135.37500524
0251960,Nabesna,Ahtna Alaska Native Regional Corporation,Copper River Census Area,,,Gulf Coast Economic Region,,62.37195602,-143.01178595
0252060,Naknek,Bristol Bay Alaska Native Regional Corporation,Bristol Bay Borough,Naknek Grid,Naknek Electric Association,Southwest Economic Region,t,58.72821587,-157.01991376
0252210,Nanwalek,Chugach Alaska Native Regional Corporation,Kenai Peninsula Borough,,Homer Electric Assn Inc,Gulf Coast Economic Region,,59.35443449,-151.91992102
0252390,Napakiak,Calista Alaska Native Regional Corporation,Bethel Census Area,Bethel Grid,Napakiak Ircinraq,Southwest Economic Region,t,60.69433134,-161.97262602
0252720,Napaskiak,Calista Alaska Native Regional Corporation,Bethel Census Area,Napaskiak Grid,Napaskiak Electric Utility,Southwest Economic Region,t,60.70823356,-161.75319706
0252845,Naukati Bay,Sealaska Alaska Native Regional Corporation,Prince of Wales-Hyder Census Area,Prince of Wales Island Grid,Alaska Power & Telephone Company,Southeast Economic Region,t,55.86896699,-133.20267814
0252915,Nelchina,Ahtna Alaska Native Regional Corporation,Copper River Census Area,Copper Valley Grid,Copper Valley Elec Assn Inc,Gulf Coast Economic Region,,61.9898422,-146.77891647
0252940,Nelson Lagoon,Aleut Alaska Native Regional Corporation,Aleutians East Borough,Nelson Lagoon Grid,Nelson Lagoon Electrical Coop,Southwest Economic Region,t,56.00120604,-161.20184982
0253050,Nenana,Doyon Alaska Native Regional Corporation,Yukon-Koyukuk Census Area,Railbelt Grid,Golden Valley Elec Assn Inc,Interior Economic Region,,64.56270921,-149.09074136
0253710,New Stuyahok,Bristol Bay Alaska Native Regional Corporation,Dillingham Census Area,New Stuyahok Grid,Alaska Village Electric Cooperative,Southwest Economic Region,t,59.45155086,-157.31128856
0253270,Newhalen,Bristol Bay Alaska Native Regional Corporation,Lake and Peninsula Borough,Newhalen Grid,I-N-N Electric Coop Inc,Southwest Economic Region,t,59.72097095,-154.89480018
0253820,Newtok,Calista Alaska Native Regional Corporation,Bethel Census Area,Newtok Grid,Ungusraq Power Company,Southwest Economic Region,t,60.93686382,-164.62941623
0253930,Nightmute,Calista Alaska Native Regional Corporation,Bethel Census Area,Toksook Bay Grid,Alaska Village Electric Cooperative,Southwest Economic Region,t,60.4799803,-164.72996641
0254050,Nikiski,Cook Inlet Alaska Native Regional Corporation,Kenai Peninsula Borough,Railbelt Grid,Homer Electric Assn Inc,Gulf Coast Economic Region,f,60.73459723,-151.29692559
0254085,Nikolaevsk,Cook Inlet Alaska Native Regional Corporation,Kenai Peninsula Borough,Railbelt Grid,Homer Electric Assn Inc,Gulf Coast Economic Region,,59.81132569,-151.61311471
0254150,Nikolai,Doyon Alaska Native Regional Corporation,Yukon-Koyukuk Census Area,Nikolai Grid,City of Nikolai,Interior Economic Region,t,63.01373203,-154.37521598
0254260,Nikolski,Aleut Alaska Native Regional Corporation,Aleutians West Census Area,Nikolski Grid,Umnak Power Company,Southwest Economic Region,t,52.94010895,-168.86018348
0254480,Ninilchik,Cook Inlet Alaska Native Regional Corporation,Kenai Peninsula Borough,Railbelt Grid,Homer Electric Assn Inc,Gulf Coast Economic Region,,60.04305213,-151.67510116
0254700,Noatak,NANA Alaska Native Regional Corporation,Northwest Arctic Borough,Noatak Grid,Alaska Village Electric Cooperative,Northern Economic Region,t,67.5718168,-162.98850003
0254920,Nome,Bering Straits Alaska Native Regional Corporation,Nome Census Area,Nome Grid,Nome Joint Utility Systems,Northern Economic Region,t,64.49808969,-165.40855986
0255030,Nondalton,Bristol Bay Alaska Native Regional Corporation,Lake and Peninsula Borough,Newhalen Grid,I-N-N Electric Coop Inc,Southwest Economic Region,t,59.96787387,-154.8575714
0255140,Noorvik,NANA Alaska Native Regional Corporation,Northwest Arctic Borough,Noorvik Grid,Alaska Village Electric Cooperative,Northern Economic Region,t,66.83334504,-161.04682576
0255745,North Lakes,Cook Inlet Alaska Native Regional Corporation,Matanuska-Susitna Borough,Railbelt Grid,Matanuska Electric Assn Inc,Anchorage/Mat-Su Economic Region,,61.6183777,-149.3107243
0255910,North Pole,Doyon Alaska Native Regional Corporation,Fairbanks North Star Borough,Railbelt Grid,Golden Valley Elec Assn Inc,Interior Economic Region,f,64.75490265,-147.35149648
0256220,Northway,Doyon Alaska Native Regional Corporation,Southeast Fairbanks Census Area,Northway Grid,Alaska Power & Telephone Company,Interior Economic Region,t,62.96177093,-141.93417861
0256320,Nuiqsut,Arctic Slope Alaska Native Regional Corporation,North Slope Borough,Nuiqsut Grid,North Slope Borough Power & Light,Northern Economic Region,t,70.21731414,-150.99901621
0256350,Nulato,Doyon Alaska Native Regional Corporation,Yukon-Koyukuk Census Area,Nulato Grid,Alaska Village Electric Cooperative,Interior Economic Region,t,64.72341938,-158.10535466
0256600,Nunam Iqua,Calista Alaska Native Regional Corporation,Kusilvak Census Area,Nunam Iqua Grid,Nunam Iqua Electric Company,Southwest Economic Region,t,62.53106513,-164.85200389
0256680,Nunapitchuk,Calista Alaska Native Regional Corporation,Bethel Census Area,Kasigluk Grid,Alaska Village Electric Cooperative,Southwest Economic Region,t,60.89721728,-162.45740501
0257340,Old Harbor,Koniag Alaska Native Regional Corporation,Kodiak Island Borough,Old Harbor Grid,Alaska Village Electric Cooperative,Gulf Coast Economic Region,t,57.21341891,-153.28367127
0258330,Oscarville,Calista Alaska Native Regional Corporation,Bethel Census Area,Bethel Grid,Alaska Village Electric Cooperative,Southwest Economic Region,t,60.72264754,-161.77136517
0258550,Ouzinkie,Koniag Alaska Native Regional Corporation,Kodiak Island Borough,Ouzinkie Grid,City of Ouzinkie,Gulf Coast Economic Region,t,57.9232638,-152.50398554
0258660,Palmer,Cook Inlet Alaska Native Regional Corporation,Matanuska-Susitna Borough,Railbelt Grid,Matanuska Electric Assn Inc,Anchorage/Mat-Su Economic Region,f,61.59970576,-149.11775808
0259320,Paxson,Ahtna Alaska Native Regional Corporation,Copper River Census Area,Paxson Grid,,Gulf Coast Economic Region,,63.03245024,-145.49600069
0259540,Pedro Bay,Bristol Bay Alaska Native Regional Corporation,Lake and Peninsula Borough,Pedro Bay Grid,Pedro Bay Village Council,Southwest Economic Region,t,59.78824382,-154.09956667
0259650,Pelican,Sealaska Alaska Native Regional Corporation,Hoonah-Angoon Census Area,Pelican Grid,Pelican Utility,Southeast Economic Region,f,57.9606687,-136.22974756
0260200,Perryville,Bristol Bay Alaska Native Regional Corporation,Lake and Peninsula Borough,Perryville Grid,,Southwest Economic Region,t,55.91158561,-159.14339251
0260310,Petersburg,Sealaska Alaska Native Regional Corporation,Petersburg Borough,SEAPA Grid,Petersburg Borough,Southeast Economic Region,f,56.8109592,-132.95776302
0260460,Petersville,Cook Inlet Alaska Native Regional Corporation,Matanuska-Susitna Borough,,Matanuska Electric Assn Inc,Anchorage/Mat-Su Economic Region,,62.49649645,-150.76790264
0260640,Pilot Point,Bristol Bay Alaska Native Regional Corporation,Lake and Peninsula Borough,Pilot Point Grid,Pilot Point Electric Utility,Southwest Economic Region,t,57.56429935,-157.57733276
0260750,Pilot Station,Calista Alaska Native Regional Corporation,Kusilvak Census Area,Pilot Station Grid,Alaska Village Electric Cooperative,Southwest Economic Region,t,61.93720251,-162.88313585
0260860,Pitkas Point,Calista Alaska Native Regional Corporation,Kusilvak Census Area,Saint Marys Grid,Alaska Village Electric Cooperative,Southwest Economic Region,t,62.03181257,-163.28701943
0261080,Platinum,Calista Alaska Native Regional Corporation,Bethel Census Area,Platinum Grid,,Southwest Economic Region,f,59.00848275,-161.81475033
0261120,Pleasant Valley,Doyon Alaska Native Regional Corporation,Fairbanks North Star Borough,Railbelt Grid,Golden Valley Elec Assn Inc,Interior Economic Region,,64.87771785,-146.85516397
0261190,Point Baker,Sealaska Alaska Native Regional Corporation,Prince of Wales-Hyder Census Area,,,Southeast Economic Region,,56.3513641,-133.62121059
0261630,Point Hope,Arctic Slope Alaska Native Regional Corporation,North Slope Borough,Point Hope Grid,North Slope Borough Power & Light,Northern Economic Region,t,68.34808223,-166.73427192
0261700,Point Lay,Arctic Slope Alaska Native Regional Corporation,North Slope Borough,Point Lay Grid,North Slope Borough Power & Light,Northern Economic Region,t,69.74312289,-163.00913774
0261788,Point MacKenzie,Cook Inlet Alaska Native Regional Corporation,Matanuska-Susitna Borough,Railbelt Grid,Matanuska Electric Assn Inc,Anchorage/Mat-Su Economic Region,,61.35518649,-150.0108417
0261825,Point Possession,Cook Inlet Alaska Native Regional Corporation,Kenai Peninsula Borough,,,Gulf Coast Economic Region,,61.0350394,-150.37835622
0262125,Pope-Vannoy Landing,Bristol Bay Alaska Native Regional Corporation,Lake and Peninsula Borough,,,Southwest Economic Region,,59.55470038,-154.49827348
0262510,Port Alexander,Sealaska Alaska Native Regional Corporation,Prince of Wales-Hyder Census Area,,,Southeast Economic Region,,56.24923768,-134.64699558
0262620,Port Alsworth,Cook Inlet Alaska Native Regional Corporation,Lake and Peninsula Borough,Port Alsworth Grid,Tanalian Electric Cooperative,Southwest Economic Region,t,60.19602229,-154.32808373
0263170,Port Clarence,Bering Straits Alaska Native Regional Corporation,Nome Census Area,,,Northern Economic Region,,65.26185599,-166.84951599
0263280,Port Graham,Chugach Alaska Native Regional Corporation,Kenai Peninsula Borough,,Homer Electric Assn Inc,Gulf Coast Economic Region,,59.35156193,-151.83172437
0263390,Port Heiden,Bristol Bay Alaska Native Regional Corporation,Lake and Peninsula Borough,Port Heiden Grid,Port Heiden Utilities,Southwest Economic Region,t,56.93007699,-158.61901559
0263610,Port Lions,Koniag Alaska Native Regional Corporation,Kodiak Island Borough,Kodiak Grid,Kodiak Electric Assn Inc,Gulf Coast Economic Region,,57.86662239,-152.88344189
0263870,Port Protection,Sealaska Alaska Native Regional Corporation,Prince of Wales-Hyder Census Area,,,Southeast Economic Region,,56.32235107,-133.60721671
0262285,Portage Creek,Bristol Bay Alaska Native Regional Corporation,Dillingham Census Area,,,Southwest Economic Region,,58.90519103,-157.71981375
0264240,Primrose,Cook Inlet Alaska Native Regional Corporation,Kenai Peninsula Borough,Railbelt Grid,City of Seward,Gulf Coast Economic Region,,60.35763118,-149.35258984
0264380,Prudhoe Bay,Arctic Slope Alaska Native Regional Corporation,North Slope Borough,Deadhorse Grid,,Northern Economic Region,,70.2553,-148.3372
0264600,Quinhagak,Calista Alaska Native Regional Corporation,Bethel Census Area,Quinhagak Grid,Alaska Village Electric Cooperative,Southwest Economic Region,t,59.75142674,-161.9006125
0264820,Rampart,Doyon Alaska Native Regional Corporation,Yukon-Koyukuk Census Area,Rampart Grid,Rampart Village Council,Interior Economic Region,f,65.50338663,-150.1718169
0264930,Red Devil,Calista Alaska Native Regional Corporation,Bethel Census Area,Red Devil Grid,Middle Kuskokwim Electric,Southwest Economic Region,t,61.78226065,-157.33465586
0264980,Red Dog Mine,NANA Alaska Native Regional Corporation,Northwest Arctic Borough,,,Northern Economic Region,,68.07171169,-162.85415523
0265345,Ridgeway,Cook Inlet Alaska Native Regional Corporation,Kenai Peninsula Borough,Railbelt Grid,Homer Electric Assn Inc,Gulf Coast Economic Region,,60.53130471,-151.08107415
0265590,Ruby,Doyon Alaska Native Regional Corporation,Yukon-Koyukuk Census Area,Ruby Grid,City of Ruby,Interior Economic Region,t,64.7392281,-155.48894931
0265700,Russian Mission,Calista Alaska Native Regional Corporation,Kusilvak Census Area,Russian Mission Grid,Alaska Village Electric Cooperative,Southwest Economic Region,t,61.78384234,-161.32349606
0265800,Saint George,Aleut Alaska Native Regional Corporation,Aleutians West Census Area,Saint George Grid,City of Saint George,Southwest Economic Region,t,56.6014257,-169.54528
0266140,Saint Mary's,Calista Alaska Native Regional Corporation,Kusilvak Census Area,Saint Marys Grid,Alaska Village Electric Cooperative,Southwest Economic Region,t,62.0514716,-163.17516104
0266360,Saint Michael,Bering Straits Alaska Native Regional Corporation,Nome Census Area,Stebbins Grid,Alaska Village Electric Cooperative,Northern Economic Region,t,63.47835158,-162.03991035
0266470,Saint Paul,Aleut Alaska Native Regional Corporation,Aleutians West Census Area,Saint Paul Grid,Saint Paul Municipal Electric,Southwest Economic Region,t,57.12039948,-170.28228831
0266510,Salamatof,Cook Inlet Alaska Native Regional Corporation,Kenai Peninsula Borough,Railbelt Grid,Homer Electric Assn Inc,Gulf Coast Economic Region,,60.61773773,-151.3334305
0266550,Salcha,Doyon Alaska Native Regional Corporation,Fairbanks North Star Borough,Railbelt Grid,Golden Valley Elec Assn Inc,Interior Economic Region,,64.48242457,-146.97720965
0267020,Sand Point,Aleut Alaska Native Regional Corporation,Aleutians East Borough,Sand Point Grid,TDX Corporation,Southwest Economic Region,t,55.34090243,-160.49809006
0267460,Savoonga,Bering Straits Alaska Native Regional Corporation,Nome Census Area,Savoonga Grid,Alaska Village Electric Cooperative,Northern Economic Region,t,63.6929776,-170.4840268
0267570,Saxman,Sealaska Alaska Native Regional Corporation,Ketchikan Gateway Borough,SEAPA Grid,Ketchikan Public Utilities,Southeast Economic Region,,55.31892423,-131.59761777
0267680,Scammon Bay,Calista Alaska Native Regional Corporation,Kusilvak Census Area,Scammon Bay Grid,Alaska Village Electric Cooperative,Southwest Economic Region,t,61.84281001,-165.58157216
0268230,Selawik,NANA Alaska Native Regional Corporation,Northwest Arctic Borough,Selawik Grid,Alaska Village Electric Cooperative,Northern Economic Region,t,66.60439151,-160.01011021
0268340,Seldovia,Cook Inlet Alaska Native Regional Corporation,Kenai Peninsula Borough,Railbelt Grid,Homer Electric Assn Inc,Gulf Coast Economic Region,f,59.44059723,-151.71857386
0268370,Seldovia Village,Cook Inlet Alaska Native Regional Corporation,Kenai Peninsula Borough,Railbelt Grid,Homer Electric Assn Inc,Gulf Coast Economic Region,,59.47434528,-151.64995402
0268560,Seward,Chugach Alaska Native Regional Corporation,Kenai Peninsula Borough,Railbelt Grid,City of Seward,Gulf Coast Economic Region,f,60.10312795,-149.43922421
0268670,Shageluk,Doyon Alaska Native Regional Corporation,Yukon-Koyukuk Census Area,Shageluk Grid,Alaska Village Electric Cooperative,Interior Economic Region,t,62.65537035,-159.53059767
0268890,Shaktoolik,Bering Straits Alaska Native Regional Corporation,Nome Census Area,Shaktoolik Grid,Alaska Village Electric Cooperative,Northern Economic Region,t,64.3545557,-161.19435626
0269770,Shishmaref,Bering Straits Alaska Native Regional Corporation,Nome Census Area,Shishmaref Grid,Alaska Village Electric Cooperative,Northern Economic Region,t,66.25510533,-166.07076445
0270100,Shungnak,NANA Alaska Native Regional Corporation,Northwest Arctic Borough,Shungnak Grid,Alaska Village Electric Cooperative,Northern Economic Region,t,66.8880443,-157.13819049
0270320,Silver Springs,Ahtna Alaska Native Regional Corporation,Copper River Census Area,Copper Valley Grid,Copper Valley Elec Assn Inc,Gulf Coast Economic Region,,62.01106524,-145.33214976
0270540,Sitka,Sealaska Alaska Native Regional Corporation,City and Borough of Sitka,Sitka Grid,City & Borough of Sitka,Southeast Economic Region,f,57.04902126,-135.33862304
0270760,Skagway,Sealaska Alaska Native Regional Corporation,Municipality of Skagway,Upper Lynn Canal Grid,Alaska Power & Telephone Company,Southeast Economic Region,t,59.45573152,-135.31169114
0270870,Skwentna,Cook Inlet Alaska Native Regional Corporation,Matanuska-Susitna Borough,,,Anchorage/Mat-Su Economic Region,,61.96772306,-151.20133552
0270930,Slana,Ahtna Alaska Native Regional Corporation,Copper River Census Area,Slana Grid,Alaska Power & Telephone Company,Gulf Coast Economic Region,t,62.7065704,-143.96993915
0271090,Sleetmute,Calista Alaska Native Regional Corporation,Bethel Census Area,Sleetmute Grid,Middle Kuskokwim Electric,Southwest Economic Region,t,61.70268238,-157.17040975
0271640,Soldotna,Cook Inlet Alaska Native Regional Corporation,Kenai Peninsula Borough,Railbelt Grid,Homer Electric Assn Inc,Gulf Coast Economic Region,,60.49044721,-151.06585198
0272135,South Lakes,Cook Inlet Alaska Native Regional Corporation,Matanuska-Susitna Borough,Railbelt Grid,Matanuska Electric Assn Inc,Anchorage/Mat-Su Economic Region,,61.5875606,-149.3155438
0272190,South Naknek,Bristol Bay Alaska Native Regional Corporation,Bristol Bay Borough,Naknek Grid,Naknek Electric Association,Southwest Economic Region,t,58.71326678,-157.00692435
0272230,South Van Horn,Doyon Alaska Native Regional Corporation,Fairbanks North Star Borough,Railbelt Grid,Golden Valley Elec Assn Inc,Interior Economic Region,,64.81107438,-147.75923942
0272960,Stebbins,Bering Straits Alaska Native Regional Corporation,Nome Census Area,Stebbins Grid,Alaska Village Electric Cooperative,Northern Economic Region,t,63.52380972,-162.2914977
0272985,Steele Creek,Doyon Alaska Native Regional Corporation,Fairbanks North Star Borough,Railbelt Grid,Golden Valley Elec Assn Inc,Interior Economic Region,,64.89234841,-147.48814616
0273070,Sterling,Cook Inlet Alaska Native Regional Corporation,Kenai Peninsula Borough,Railbelt Grid,Homer Electric Assn Inc,Gulf Coast Economic Region,,60.53702908,-150.79703641
0273290,Stevens Village,Doyon Alaska Native Regional Corporation,Yukon-Koyukuk Census Area,Stevens Village Grid,,Interior Economic Region,f,66.00452448,-149.08443821
0273400,Stony River,Calista Alaska Native Regional Corporation,Bethel Census Area,Stony River Grid,Middle Kuskokwim Electric,Southwest Economic Region,t,61.78716013,-156.58825541
0273950,Sunrise,Cook Inlet Alaska Native Regional Corporation,Kenai Peninsula Borough,Railbelt Grid,Chugach Electric Assn Inc,Gulf Coast Economic Region,,60.88404712,-149.42613053
0274340,Susitna,Cook Inlet Alaska Native Regional Corporation,Matanuska-Susitna Borough,,,Anchorage/Mat-Su Economic Region,,61.49836623,-150.63388448
0274350,Susitna North,Cook Inlet Alaska Native Regional Corporation,Matanuska-Susitna Borough,Railbelt Grid,Matanuska Electric Assn Inc,Anchorage/Mat-Su Economic Region,,62.1312135,-150.04359382
0274525,Sutton-Alpine,Cook Inlet Alaska Native Regional Corporation,Matanuska-Susitna Borough,Railbelt Grid,Matanuska Electric Assn Inc,Anchorage/Mat-Su Economic Region,,61.70959159,-148.8773404
0274610,Takotna,Doyon Alaska Native Regional Corporation,Yukon-Koyukuk Census Area,Takotna Grid,Takotna Community Assoc Inc,Interior Economic Region,t,62.98795952,-156.06195251
0274830,Talkeetna,Cook Inlet Alaska Native Regional Corporation,Matanuska-Susitna Borough,Railbelt Grid,Matanuska Electric Assn Inc,Anchorage/Mat-Su Economic Region,f,62.32317025,-150.11199934
0275050,Tanacross,Doyon Alaska Native Regional Corporation,Southeast Fairbanks Census Area,Tok Grid,Alaska Power & Telephone Company,Interior Economic Region,t,63.3762792,-143.35599738
0275077,Tanaina,Cook Inlet Alaska Native Regional Corporation,Matanuska-Susitna Borough,Railbelt Grid,Matanuska Electric Assn Inc,Anchorage/Mat-Su Economic Region,f,61.61025377,-149.38484824
0275160,Tanana,Doyon Alaska Native Regional Corporation,Yukon-Koyukuk Census Area,Tanana Grid,Tanana Power Company Inc,Interior Economic Region,t,65.17118315,-152.0777034
0275380,Tatitlek,Chugach Alaska Native Regional Corporation,Chugach Census Area,Tatitlek Grid,Tatitlek Village Ira Council,Gulf Coast Economic Region,t,60.86848502,-146.68172131
0275480,Tazlina,Ahtna Alaska Native Regional Corporation,Copper River Census Area,Copper Valley Grid,Copper Valley Elec Assn Inc,Gulf Coast Economic Region,,62.04738118,-145.4120642
0275930,Teller,Bering Straits Alaska Native Regional Corporation,Nome Census Area,Teller Grid,Alaska Village Electric Cooperative,Northern Economic Region,t,65.26295683,-166.36520237
0276260,Tenakee Springs,Sealaska Alaska Native Regional Corporation,Hoonah-Angoon Census Area,Tenakee Springs Grid,City of Tenakee Springs,Southeast Economic Region,t,57.78103139,-135.22829141
0276590,Tetlin,Doyon Alaska Native Regional Corporation,Southeast Fairbanks Census Area,Tok Grid,Alaska Power & Telephone Company,Interior Economic Region,t,63.13803253,-142.51969925
0277140,Thorne Bay,Sealaska Alaska Native Regional Corporation,Prince of Wales-Hyder Census Area,Prince of Wales Island Grid,Alaska Power & Telephone Company,Southeast Economic Region,t,55.68548626,-132.52282231
0277690,Togiak,Bristol Bay Alaska Native Regional Corporation,Dillingham Census Area,Togiak Grid,Alaska Village Electric Cooperative,Southwest Economic Region,t,59.0605115,-160.37879111
0277800,Tok,Doyon Alaska Native Regional Corporation,Southeast Fairbanks Census Area,Tok Grid,Alaska Power & Telephone Company,Interior Economic Region,t,63.33589644,-142.98776188
0278240,Toksook Bay,Calista Alaska Native Regional Corporation,Bethel Census Area,Toksook Bay Grid,Alaska Village Electric Cooperative,Southwest Economic Region,t,60.52954536,-165.10723428
0278297,Tolsona,Ahtna Alaska Native Regional Corporation,Copper River Census Area,Copper Valley Grid,Copper Valley Elec Assn Inc,Gulf Coast Economic Region,,62.09714581,-146.11291342
0278350,Tonsina,Ahtna Alaska Native Regional Corporation,Copper River Census Area,,Copper Valley Elec Assn Inc,Gulf Coast Economic Region,,61.66126868,-145.17965735
0278680,Trapper Creek,Cook Inlet Alaska Native Regional Corporation,Matanuska-Susitna Borough,Railbelt Grid,Matanuska Electric Assn Inc,Anchorage/Mat-Su Economic Region,,62.31623367,-150.2337668
0278790,Tuluksak,Calista Alaska Native Regional Corporation,Bethel Census Area,Tuluksak Grid,,Southwest Economic Region,t,61.09868491,-160.95646047
0279120,Tuntutuliak,Calista Alaska Native Regional Corporation,Bethel Census Area,Tuntutuliak Grid,Tuntutuliak Community,Southwest Economic Region,t,60.34278416,-162.67635558
0279230,Tununak,Calista Alaska Native Regional Corporation,Bethel Census Area,Toksook Bay Grid,Alaska Village Electric Cooperative,Southwest Economic Region,t,60.58616898,-165.2513918
0279780,Twin Hills,Bristol Bay Alaska Native Regional Corporation,Dillingham Census Area,Togiak Grid,Twin Hills Village Council,Southwest Economic Region,t,59.07512832,-160.28060728
0279830,Two Rivers,Doyon Alaska Native Regional Corporation,Fairbanks North Star Borough,Railbelt Grid,Golden Valley Elec Assn Inc,Interior Economic Region,,64.87728553,-147.03838828
0279890,Tyonek,Cook Inlet Alaska Native Regional Corporation,Kenai Peninsula Borough,Railbelt Grid,Chugach Electric Assn Inc,Gulf Coast Economic Region,,61.06808705,-151.14339542
0280100,Ugashik,Bristol Bay Alaska Native Regional Corporation,Lake and Peninsula Borough,,,Southwest Economic Region,,57.51228753,-157.399544
0280660,Unalakleet,Bering Straits Alaska Native Regional Corporation,Nome Census Area,Unalakleet Grid,Unalakleet Valley Electric Cooperative,Northern Economic Region,t,63.87663037,-160.79196516
0280770,Unalaska,Aleut Alaska Native Regional Corporation,Aleutians West Census Area,Unalaska Grid,City of Unalaska,Southwest Economic Region,t,53.87309246,-166.53768178
0281320,Upper Kalskag,Calista Alaska Native Regional Corporation,Bethel Census Area,Upper Kalskag Grid,Alaska Village Electric Cooperative,Southwest Economic Region,t,61.53818537,-160.31576292
0281920,Utqiagvik,Arctic Slope Alaska Native Regional Corporation,North Slope Borough,Utqiagvik Grid,Barrow Utils & Elec Coop Inc,Northern Economic Region,f,71.2893974,-156.76104378
0282200,Valdez,Chugach Alaska Native Regional Corporation,Chugach Census Area,Copper Valley Grid,Copper Valley Elec Assn Inc,Gulf Coast Economic Region,f,61.13023788,-146.35508078
0282420,Venetie,Doyon Alaska Native Regional Corporation,Yukon-Koyukuk Census Area,Venetie Grid,Venetie Village Electric,Interior Economic Region,t,67.01671707,-146.4218093
0282750,Wainwright,Arctic Slope Alaska Native Regional Corporation,North Slope Borough,Wainwright Grid,North Slope Borough Power & Light,Northern Economic Region,t,70.63853949,-160.03223052
0282860,Wales,Bering Straits Alaska Native Regional Corporation,Nome Census Area,Wales Grid,Alaska Village Electric Cooperative,Northern Economic Region,t,65.60901955,-168.09126024
0283080,Wasilla,Cook Inlet Alaska Native Regional Corporation,Matanuska-Susitna Borough,Railbelt Grid,Matanuska Electric Assn Inc,Anchorage/Mat-Su Economic Region,f,61.58209845,-149.44420328
0284000,Whale Pass,Sealaska Alaska Native Regional Corporation,Prince of Wales-Hyder Census Area,Whale Pass Grid,Alaska Power & Telephone Company,Southeast Economic Region,t,56.11714153,-133.12206307
0284070,White Mountain,Bering Straits Alaska Native Regional Corporation,Nome Census Area,White Mountain Grid,City of White Mountain,Northern Economic Region,t,64.68127766,-163.41049001
0284120,Whitestone,Doyon Alaska Native Regional Corporation,Southeast Fairbanks Census Area,Railbelt Grid,Golden Valley Elec Assn Inc,Interior Economic Region,,64.15138198,-145.89544905
0284200,Whitestone Logging Camp,Sealaska Alaska Native Regional Corporation,Hoonah-Angoon Census Area,,,Southeast Economic Region,,58.08906326,-135.44221048
0284510,Whittier,Chugach Alaska Native Regional Corporation,Chugach Census Area,Railbelt Grid,Chugach Electric Assn Inc,Gulf Coast Economic Region,,60.77228823,-148.68597259
0285280,Willow,Cook Inlet Alaska Native Regional Corporation,Matanuska-Susitna Borough,Railbelt Grid,Matanuska Electric Assn Inc,Anchorage/Mat-Su Economic Region,f,61.74401444,-150.04551523
0285290,Willow Creek,Ahtna Alaska Native Regional Corporation,Copper River Census Area,Copper Valley Grid,Copper Valley Elec Assn Inc,Gulf Coast Economic Region,,61.7999571,-145.1850849
0285610,Wiseman,Doyon Alaska Native Regional Corporation,Yukon-Koyukuk Census Area,,,Interior Economic Region,,67.41,-150.1075
0285680,Womens Bay,Koniag Alaska Native Regional Corporation,Kodiak Island Borough,Kodiak Grid,Kodiak Electric Assn Inc,Gulf Coast Economic Region,,57.705535,-152.58227229
0286380,Wrangell,Sealaska Alaska Native Regional Corporation,City and Borough of Wrangell,SEAPA Grid,City of Wrangell,Southeast Economic Region,f,56.470404,-132.3836088
0286490,Yakutat,Sealaska Alaska Native Regional Corporation,City and Borough of Yakutat,Yakutat Grid,Alaska Village Electric Cooperative,Southeast Economic Region,t,59.5587609,-139.75003244
